form_id,ability_id,slot,is_hidden
1,overgrow,1,0
1,chlorophyll,3,1
2,overgrow,1,0
2,chlorophyll,3,1
3,overgrow,1,0
3,chlorophyll,3,1
4,blaze,1,0
4,solar-power,3,1
5,blaze,1,0
5,solar-power,3,1
6,blaze,1,0
6,solar-power,3,1
7,torrent,1,0
7,rain-dish,3,1
8,torrent,1,0
8,rain-dish,3,1
9,torrent,1,0
9,rain-dish,3,1
10,shield-dust,1,0
10,run-away,3,1
11,shed-skin,1,0
12,compound-eyes,1,0
12,tinted-lens,3,1
13,shield-dust,1,0
13,run-away,3,1
14,shed-skin,1,0
15,swarm,1,0
15,sniper,3,1
16,keen-eye,1,0
16,tangled-feet,2,0
16,big-pecks,3,1
17,keen-eye,1,0
17,tangled-feet,2,0
17,big-pecks,3,1
18,keen-eye,1,0
18,tangled-feet,2,0
18,big-pecks,3,1
19,run-away,1,0
19,guts,2,0
19,hustle,3,1
20,run-away,1,0
20,guts,2,0
20,hustle,3,1
21,keen-eye,1,0
21,sniper,3,1
22,keen-eye,1,0
22,sniper,3,1
23,intimidate,1,0
23,shed-skin,2,0
23,unnerve,3,1
24,intimidate,1,0
24,shed-skin,2,0
24,unnerve,3,1
25,static,1,0
25,lightning-rod,3,1
26,static,1,0
26,lightning-rod,3,1
27,sand-veil,1,0
27,sand-rush,3,1
28,sand-veil,1,0
28,sand-rush,3,1
29,poison-point,1,0
29,rivalry,2,0
29,hustle,3,1
30,poison-point,1,0
30,rivalry,2,0
30,hustle,3,1
31,poison-point,1,0
31,rivalry,2,0
31,sheer-force,3,1
32,poison-point,1,0
32,rivalry,2,0
32,hustle,3,1
33,poison-point,1,0
33,rivalry,2,0
33,hustle,3,1
34,poison-point,1,0
34,rivalry,2,0
34,sheer-force,3,1
35,cute-charm,1,0
35,magic-guard,2,0
35,friend-guard,3,1
36,cute-charm,1,0
36,magic-guard,2,0
36,unaware,3,1
37,flash-fire,1,0
37,drought,3,1
38,flash-fire,1,0
38,drought,3,1
39,cute-charm,1,0
39,competitive,2,0
39,friend-guard,3,1
40,cute-charm,1,0
40,competitive,2,0
40,frisk,3,1
41,inner-focus,1,0
41,infiltrator,3,1
42,inner-focus,1,0
42,infiltrator,3,1
43,chlorophyll,1,0
43,run-away,3,1
44,chlorophyll,1,0
44,stench,3,1
45,chlorophyll,1,0
45,effect-spore,3,1
46,effect-spore,1,0
46,dry-skin,2,0
46,damp,3,1
47,effect-spore,1,0
47,dry-skin,2,0
47,damp,3,1
48,compound-eyes,1,0
48,tinted-lens,2,0
48,run-away,3,1
49,shield-dust,1,0
49,tinted-lens,2,0
49,wonder-skin,3,1
50,sand-veil,1,0
50,arena-trap,2,0
50,sand-force,3,1
51,sand-veil,1,0
51,arena-trap,2,0
51,sand-force,3,1
52,pickup,1,0
52,technician,2,0
52,unnerve,3,1
53,limber,1,0
53,technician,2,0
53,unnerve,3,1
54,damp,1,0
54,cloud-nine,2,0
54,swift-swim,3,1
55,damp,1,0
55,cloud-nine,2,0
55,swift-swim,3,1
56,vital-spirit,1,0
56,anger-point,2,0
56,defiant,3,1
57,vital-spirit,1,0
57,anger-point,2,0
57,defiant,3,1
58,intimidate,1,0
58,flash-fire,2,0
58,justified,3,1
59,intimidate,1,0
59,flash-fire,2,0
59,justified,3,1
60,water-absorb,1,0
60,damp,2,0
60,swift-swim,3,1
61,water-absorb,1,0
61,damp,2,0
61,swift-swim,3,1
62,water-absorb,1,0
62,damp,2,0
62,swift-swim,3,1
63,synchronize,1,0
63,inner-focus,2,0
63,magic-guard,3,1
64,synchronize,1,0
64,inner-focus,2,0
64,magic-guard,3,1
65,synchronize,1,0
65,inner-focus,2,0
65,magic-guard,3,1
66,guts,1,0
66,no-guard,2,0
66,steadfast,3,1
67,guts,1,0
67,no-guard,2,0
67,steadfast,3,1
68,guts,1,0
68,no-guard,2,0
68,steadfast,3,1
69,chlorophyll,1,0
69,gluttony,3,1
70,chlorophyll,1,0
70,gluttony,3,1
71,chlorophyll,1,0
71,gluttony,3,1
72,clear-body,1,0
72,liquid-ooze,2,0
72,rain-dish,3,1
73,clear-body,1,0
73,liquid-ooze,2,0
73,rain-dish,3,1
74,rock-head,1,0
74,sturdy,2,0
74,sand-veil,3,1
75,rock-head,1,0
75,sturdy,2,0
75,sand-veil,3,1
76,rock-head,1,0
76,sturdy,2,0
76,sand-veil,3,1
77,run-away,1,0
77,flash-fire,2,0
77,flame-body,3,1
78,run-away,1,0
78,flash-fire,2,0
78,flame-body,3,1
79,oblivious,1,0
79,own-tempo,2,0
79,regenerator,3,1
80,oblivious,1,0
80,own-tempo,2,0
80,regenerator,3,1
81,magnet-pull,1,0
81,sturdy,2,0
81,analytic,3,1
82,magnet-pull,1,0
82,sturdy,2,0
82,analytic,3,1
83,keen-eye,1,0
83,inner-focus,2,0
83,defiant,3,1
84,run-away,1,0
84,early-bird,2,0
84,tangled-feet,3,1
85,run-away,1,0
85,early-bird,2,0
85,tangled-feet,3,1
86,thick-fat,1,0
86,hydration,2,0
86,ice-body,3,1
87,thick-fat,1,0
87,hydration,2,0
87,ice-body,3,1
88,stench,1,0
88,sticky-hold,2,0
88,poison-touch,3,1
89,stench,1,0
89,sticky-hold,2,0
89,poison-touch,3,1
90,shell-armor,1,0
90,skill-link,2,0
90,overcoat,3,1
91,shell-armor,1,0
91,skill-link,2,0
91,overcoat,3,1
92,levitate,1,0
93,levitate,1,0
94,cursed-body,1,0
95,rock-head,1,0
95,sturdy,2,0
95,weak-armor,3,1
96,insomnia,1,0
96,forewarn,2,0
96,inner-focus,3,1
97,insomnia,1,0
97,forewarn,2,0
97,inner-focus,3,1
98,hyper-cutter,1,0
98,shell-armor,2,0
98,sheer-force,3,1
99,hyper-cutter,1,0
99,shell-armor,2,0
99,sheer-force,3,1
100,soundproof,1,0
100,static,2,0
100,aftermath,3,1
101,soundproof,1,0
101,static,2,0
101,aftermath,3,1
102,chlorophyll,1,0
102,harvest,3,1
103,chlorophyll,1,0
103,harvest,3,1
104,rock-head,1,0
104,lightning-rod,2,0
104,battle-armor,3,1
105,rock-head,1,0
105,lightning-rod,2,0
105,battle-armor,3,1
106,limber,1,0
106,reckless,2,0
106,unburden,3,1
107,keen-eye,1,0
107,iron-fist,2,0
107,inner-focus,3,1
108,own-tempo,1,0
108,oblivious,2,0
108,cloud-nine,3,1
109,levitate,1,0
109,neutralizing-gas,2,0
109,stench,3,1
110,levitate,1,0
110,neutralizing-gas,2,0
110,stench,3,1
111,lightning-rod,1,0
111,rock-head,2,0
111,reckless,3,1
112,lightning-rod,1,0
112,rock-head,2,0
112,reckless,3,1
113,natural-cure,1,0
113,serene-grace,2,0
113,healer,3,1
114,chlorophyll,1,0
114,leaf-guard,2,0
114,regenerator,3,1
115,early-bird,1,0
115,scrappy,2,0
115,inner-focus,3,1
116,swift-swim,1,0
116,sniper,2,0
116,damp,3,1
117,poison-point,1,0
117,sniper,2,0
117,damp,3,1
118,swift-swim,1,0
118,water-veil,2,0
118,lightning-rod,3,1
119,swift-swim,1,0
119,water-veil,2,0
119,lightning-rod,3,1
120,illuminate,1,0
120,natural-cure,2,0
120,analytic,3,1
121,illuminate,1,0
121,natural-cure,2,0
121,analytic,3,1
122,soundproof,1,0
122,filter,2,0
122,technician,3,1
123,swarm,1,0
123,technician,2,0
123,steadfast,3,1
124,oblivious,1,0
124,forewarn,2,0
124,dry-skin,3,1
125,static,1,0
125,vital-spirit,3,1
126,flame-body,1,0
126,vital-spirit,3,1
127,hyper-cutter,1,0
127,mold-breaker,2,0
127,moxie,3,1
128,intimidate,1,0
128,anger-point,2,0
128,sheer-force,3,1
129,swift-swim,1,0
129,rattled,3,1
130,intimidate,1,0
130,moxie,3,1
131,water-absorb,1,0
131,shell-armor,2,0
131,hydration,3,1
132,limber,1,0
132,imposter,3,1
133,run-away,1,0
133,adaptability,2,0
133,anticipation,3,1
134,water-absorb,1,0
134,hydration,3,1
135,volt-absorb,1,0
135,quick-feet,3,1
136,flash-fire,1,0
136,guts,3,1
137,trace,1,0
137,download,2,0
137,analytic,3,1
138,swift-swim,1,0
138,shell-armor,2,0
138,weak-armor,3,1
139,swift-swim,1,0
139,shell-armor,2,0
139,weak-armor,3,1
140,swift-swim,1,0
140,battle-armor,2,0
140,weak-armor,3,1
141,swift-swim,1,0
141,battle-armor,2,0
141,weak-armor,3,1
142,rock-head,1,0
142,pressure,2,0
142,unnerve,3,1
143,immunity,1,0
143,thick-fat,2,0
143,gluttony,3,1
144,pressure,1,0
144,snow-cloak,3,1
145,pressure,1,0
145,static,3,1
146,pressure,1,0
146,flame-body,3,1
147,shed-skin,1,0
147,marvel-scale,3,1
148,shed-skin,1,0
148,marvel-scale,3,1
149,inner-focus,1,0
149,multiscale,3,1
150,pressure,1,0
150,unnerve,3,1
151,synchronize,1,0
152,overgrow,1,0
152,leaf-guard,3,1
153,overgrow,1,0
153,leaf-guard,3,1
154,overgrow,1,0
154,leaf-guard,3,1
155,blaze,1,0
155,flash-fire,3,1
156,blaze,1,0
156,flash-fire,3,1
157,blaze,1,0
157,flash-fire,3,1
158,torrent,1,0
158,sheer-force,3,1
159,torrent,1,0
159,sheer-force,3,1
160,torrent,1,0
160,sheer-force,3,1
161,run-away,1,0
161,keen-eye,2,0
161,frisk,3,1
162,run-away,1,0
162,keen-eye,2,0
162,frisk,3,1
163,insomnia,1,0
163,keen-eye,2,0
163,tinted-lens,3,1
164,insomnia,1,0
164,keen-eye,2,0
164,tinted-lens,3,1
165,swarm,1,0
165,early-bird,2,0
165,rattled,3,1
166,swarm,1,0
166,early-bird,2,0
166,iron-fist,3,1
167,swarm,1,0
167,insomnia,2,0
167,sniper,3,1
168,swarm,1,0
168,insomnia,2,0
168,sniper,3,1
169,inner-focus,1,0
169,infiltrator,3,1
170,volt-absorb,1,0
170,illuminate,2,0
170,water-absorb,3,1
171,volt-absorb,1,0
171,illuminate,2,0
171,water-absorb,3,1
172,static,1,0
172,lightning-rod,3,1
173,cute-charm,1,0
173,magic-guard,2,0
173,friend-guard,3,1
174,cute-charm,1,0
174,competitive,2,0
174,friend-guard,3,1
175,hustle,1,0
175,serene-grace,2,0
175,super-luck,3,1
176,hustle,1,0
176,serene-grace,2,0
176,super-luck,3,1
177,synchronize,1,0
177,early-bird,2,0
177,magic-bounce,3,1
178,synchronize,1,0
178,early-bird,2,0
178,magic-bounce,3,1
179,static,1,0
179,plus,3,1
180,static,1,0
180,plus,3,1
181,static,1,0
181,plus,3,1
182,chlorophyll,1,0
182,healer,3,1
183,thick-fat,1,0
183,huge-power,2,0
183,sap-sipper,3,1
184,thick-fat,1,0
184,huge-power,2,0
184,sap-sipper,3,1
185,sturdy,1,0
185,rock-head,2,0
185,rattled,3,1
186,water-absorb,1,0
186,damp,2,0
186,drizzle,3,1
187,chlorophyll,1,0
187,leaf-guard,2,0
187,infiltrator,3,1
188,chlorophyll,1,0
188,leaf-guard,2,0
188,infiltrator,3,1
189,chlorophyll,1,0
189,leaf-guard,2,0
189,infiltrator,3,1
190,run-away,1,0
190,pickup,2,0
190,skill-link,3,1
191,chlorophyll,1,0
191,solar-power,2,0
191,early-bird,3,1
192,chlorophyll,1,0
192,solar-power,2,0
192,early-bird,3,1
193,speed-boost,1,0
193,compound-eyes,2,0
193,frisk,3,1
194,damp,1,0
194,water-absorb,2,0
194,unaware,3,1
195,damp,1,0
195,water-absorb,2,0
195,unaware,3,1
196,synchronize,1,0
196,magic-bounce,3,1
197,synchronize,1,0
197,inner-focus,3,1
198,insomnia,1,0
198,super-luck,2,0
198,prankster,3,1
199,oblivious,1,0
199,own-tempo,2,0
199,regenerator,3,1
200,levitate,1,0
201,levitate,1,0
202,shadow-tag,1,0
202,telepathy,3,1
203,inner-focus,1,0
203,early-bird,2,0
203,sap-sipper,3,1
204,sturdy,1,0
204,overcoat,3,1
205,sturdy,1,0
205,overcoat,3,1
206,serene-grace,1,0
206,run-away,2,0
206,rattled,3,1
207,hyper-cutter,1,0
207,sand-veil,2,0
207,immunity,3,1
208,rock-head,1,0
208,sturdy,2,0
208,sheer-force,3,1
209,intimidate,1,0
209,run-away,2,0
209,rattled,3,1
210,intimidate,1,0
210,quick-feet,2,0
210,rattled,3,1
211,poison-point,1,0
211,swift-swim,2,0
211,intimidate,3,1
212,swarm,1,0
212,technician,2,0
212,light-metal,3,1
213,sturdy,1,0
213,gluttony,2,0
213,contrary,3,1
214,swarm,1,0
214,guts,2,0
214,moxie,3,1
215,inner-focus,1,0
215,keen-eye,2,0
215,pickpocket,3,1
216,pickup,1,0
216,quick-feet,2,0
216,honey-gather,3,1
217,guts,1,0
217,quick-feet,2,0
217,unnerve,3,1
218,magma-armor,1,0
218,flame-body,2,0
218,weak-armor,3,1
219,magma-armor,1,0
219,flame-body,2,0
219,weak-armor,3,1
220,oblivious,1,0
220,snow-cloak,2,0
220,thick-fat,3,1
221,oblivious,1,0
221,snow-cloak,2,0
221,thick-fat,3,1
222,hustle,1,0
222,natural-cure,2,0
222,regenerator,3,1
223,hustle,1,0
223,sniper,2,0
223,moody,3,1
224,suction-cups,1,0
224,sniper,2,0
224,moody,3,1
225,vital-spirit,1,0
225,hustle,2,0
225,insomnia,3,1
226,swift-swim,1,0
226,water-absorb,2,0
226,water-veil,3,1
227,keen-eye,1,0
227,sturdy,2,0
227,weak-armor,3,1
228,early-bird,1,0
228,flash-fire,2,0
228,unnerve,3,1
229,early-bird,1,0
229,flash-fire,2,0
229,unnerve,3,1
230,swift-swim,1,0
230,sniper,2,0
230,damp,3,1
231,pickup,1,0
231,sand-veil,3,1
232,sturdy,1,0
232,sand-veil,3,1
233,trace,1,0
233,download,2,0
233,analytic,3,1
234,intimidate,1,0
234,frisk,2,0
234,sap-sipper,3,1
235,own-tempo,1,0
235,technician,2,0
235,moody,3,1
236,guts,1,0
236,steadfast,2,0
236,vital-spirit,3,1
237,intimidate,1,0
237,technician,2,0
237,steadfast,3,1
238,oblivious,1,0
238,forewarn,2,0
238,hydration,3,1
239,static,1,0
239,vital-spirit,3,1
240,flame-body,1,0
240,vital-spirit,3,1
241,thick-fat,1,0
241,scrappy,2,0
241,sap-sipper,3,1
242,natural-cure,1,0
242,serene-grace,2,0
242,healer,3,1
243,pressure,1,0
243,inner-focus,3,1
244,pressure,1,0
244,inner-focus,3,1
245,pressure,1,0
245,inner-focus,3,1
246,guts,1,0
246,sand-veil,3,1
247,shed-skin,1,0
248,sand-stream,1,0
248,unnerve,3,1
249,pressure,1,0
249,multiscale,3,1
250,pressure,1,0
250,regenerator,3,1
251,natural-cure,1,0
252,overgrow,1,0
252,unburden,3,1
253,overgrow,1,0
253,unburden,3,1
254,overgrow,1,0
254,unburden,3,1
255,blaze,1,0
255,speed-boost,3,1
256,blaze,1,0
256,speed-boost,3,1
257,blaze,1,0
257,speed-boost,3,1
258,torrent,1,0
258,damp,3,1
259,torrent,1,0
259,damp,3,1
260,torrent,1,0
260,damp,3,1
261,run-away,1,0
261,quick-feet,2,0
261,rattled,3,1
262,intimidate,1,0
262,quick-feet,2,0
262,moxie,3,1
263,pickup,1,0
263,gluttony,2,0
263,quick-feet,3,1
264,pickup,1,0
264,gluttony,2,0
264,quick-feet,3,1
265,shield-dust,1,0
265,run-away,3,1
266,shed-skin,1,0
267,swarm,1,0
267,rivalry,3,1
268,shed-skin,1,0
269,shield-dust,1,0
269,compound-eyes,3,1
270,swift-swim,1,0
270,rain-dish,2,0
270,own-tempo,3,1
271,swift-swim,1,0
271,rain-dish,2,0
271,own-tempo,3,1
272,swift-swim,1,0
272,rain-dish,2,0
272,own-tempo,3,1
273,chlorophyll,1,0
273,early-bird,2,0
273,pickpocket,3,1
274,chlorophyll,1,0
274,early-bird,2,0
274,pickpocket,3,1
275,chlorophyll,1,0
275,wind-rider,2,0
275,pickpocket,3,1
276,guts,1,0
276,scrappy,3,1
277,guts,1,0
277,scrappy,3,1
278,keen-eye,1,0
278,hydration,2,0
278,rain-dish,3,1
279,keen-eye,1,0
279,drizzle,2,0
279,rain-dish,3,1
280,synchronize,1,0
280,trace,2,0
280,telepathy,3,1
281,synchronize,1,0
281,trace,2,0
281,telepathy,3,1
282,synchronize,1,0
282,trace,2,0
282,telepathy,3,1
283,swift-swim,1,0
283,rain-dish,3,1
284,intimidate,1,0
284,unnerve,3,1
285,effect-spore,1,0
285,poison-heal,2,0
285,quick-feet,3,1
286,effect-spore,1,0
286,poison-heal,2,0
286,technician,3,1
287,truant,1,0
288,vital-spirit,1,0
289,truant,1,0
290,compound-eyes,1,0
290,run-away,3,1
291,speed-boost,1,0
291,infiltrator,3,1
292,wonder-guard,1,0
293,soundproof,1,0
293,rattled,3,1
294,soundproof,1,0
294,scrappy,3,1
295,soundproof,1,0
295,scrappy,3,1
296,thick-fat,1,0
296,guts,2,0
296,sheer-force,3,1
297,thick-fat,1,0
297,guts,2,0
297,sheer-force,3,1
298,thick-fat,1,0
298,huge-power,2,0
298,sap-sipper,3,1
299,sturdy,1,0
299,magnet-pull,2,0
299,sand-force,3,1
300,cute-charm,1,0
300,normalize,2,0
300,wonder-skin,3,1
301,cute-charm,1,0
301,normalize,2,0
301,wonder-skin,3,1
302,keen-eye,1,0
302,stall,2,0
302,prankster,3,1
303,hyper-cutter,1,0
303,intimidate,2,0
303,sheer-force,3,1
304,sturdy,1,0
304,rock-head,2,0
304,heavy-metal,3,1
305,sturdy,1,0
305,rock-head,2,0
305,heavy-metal,3,1
306,sturdy,1,0
306,rock-head,2,0
306,heavy-metal,3,1
307,pure-power,1,0
307,telepathy,3,1
308,pure-power,1,0
308,telepathy,3,1
309,static,1,0
309,lightning-rod,2,0
309,minus,3,1
310,static,1,0
310,lightning-rod,2,0
310,minus,3,1
311,plus,1,0
311,lightning-rod,3,1
312,minus,1,0
312,volt-absorb,3,1
313,illuminate,1,0
313,swarm,2,0
313,prankster,3,1
314,oblivious,1,0
314,tinted-lens,2,0
314,prankster,3,1
315,natural-cure,1,0
315,poison-point,2,0
315,leaf-guard,3,1
316,liquid-ooze,1,0
316,sticky-hold,2,0
316,gluttony,3,1
317,liquid-ooze,1,0
317,sticky-hold,2,0
317,gluttony,3,1
318,rough-skin,1,0
318,speed-boost,3,1
319,rough-skin,1,0
319,speed-boost,3,1
320,water-veil,1,0
320,oblivious,2,0
320,pressure,3,1
321,water-veil,1,0
321,oblivious,2,0
321,pressure,3,1
322,oblivious,1,0
322,simple,2,0
322,own-tempo,3,1
323,magma-armor,1,0
323,solid-rock,2,0
323,anger-point,3,1
324,white-smoke,1,0
324,drought,2,0
324,shell-armor,3,1
325,thick-fat,1,0
325,own-tempo,2,0
325,gluttony,3,1
326,thick-fat,1,0
326,own-tempo,2,0
326,gluttony,3,1
327,own-tempo,1,0
327,tangled-feet,2,0
327,contrary,3,1
328,hyper-cutter,1,0
328,arena-trap,2,0
328,sheer-force,3,1
329,levitate,1,0
330,levitate,1,0
331,sand-veil,1,0
331,water-absorb,3,1
332,sand-veil,1,0
332,water-absorb,3,1
333,natural-cure,1,0
333,cloud-nine,3,1
334,natural-cure,1,0
334,cloud-nine,3,1
335,immunity,1,0
335,toxic-boost,3,1
336,shed-skin,1,0
336,infiltrator,3,1
337,levitate,1,0
338,levitate,1,0
339,oblivious,1,0
339,anticipation,2,0
339,hydration,3,1
340,oblivious,1,0
340,anticipation,2,0
340,hydration,3,1
341,hyper-cutter,1,0
341,shell-armor,2,0
341,adaptability,3,1
342,hyper-cutter,1,0
342,shell-armor,2,0
342,adaptability,3,1
343,levitate,1,0
344,levitate,1,0
345,suction-cups,1,0
345,storm-drain,3,1
346,suction-cups,1,0
346,storm-drain,3,1
347,battle-armor,1,0
347,swift-swim,3,1
348,battle-armor,1,0
348,swift-swim,3,1
349,swift-swim,1,0
349,oblivious,2,0
349,adaptability,3,1
350,marvel-scale,1,0
350,competitive,2,0
350,cute-charm,3,1
351,forecast,1,0
352,color-change,1,0
352,protean,3,1
353,insomnia,1,0
353,frisk,2,0
353,cursed-body,3,1
354,insomnia,1,0
354,frisk,2,0
354,cursed-body,3,1
355,levitate,1,0
355,frisk,3,1
356,pressure,1,0
356,frisk,3,1
357,chlorophyll,1,0
357,solar-power,2,0
357,harvest,3,1
358,levitate,1,0
359,pressure,1,0
359,super-luck,2,0
359,justified,3,1
360,shadow-tag,1,0
360,telepathy,3,1
361,inner-focus,1,0
361,ice-body,2,0
361,moody,3,1
362,inner-focus,1,0
362,ice-body,2,0
362,moody,3,1
363,thick-fat,1,0
363,ice-body,2,0
363,oblivious,3,1
364,thick-fat,1,0
364,ice-body,2,0
364,oblivious,3,1
365,thick-fat,1,0
365,ice-body,2,0
365,oblivious,3,1
366,shell-armor,1,0
366,rattled,3,1
367,swift-swim,1,0
367,water-veil,3,1
368,swift-swim,1,0
368,hydration,3,1
369,swift-swim,1,0
369,rock-head,2,0
369,sturdy,3,1
370,swift-swim,1,0
370,hydration,3,1
371,rock-head,1,0
371,sheer-force,3,1
372,rock-head,1,0
372,overcoat,3,1
373,intimidate,1,0
373,moxie,3,1
374,clear-body,1,0
374,light-metal,3,1
375,clear-body,1,0
375,light-metal,3,1
376,clear-body,1,0
376,light-metal,3,1
377,clear-body,1,0
377,sturdy,3,1
378,clear-body,1,0
378,ice-body,3,1
379,clear-body,1,0
379,light-metal,3,1
380,levitate,1,0
381,levitate,1,0
382,drizzle,1,0
383,drought,1,0
384,air-lock,1,0
385,serene-grace,1,0
386,pressure,1,0
387,overgrow,1,0
387,shell-armor,3,1
388,overgrow,1,0
388,shell-armor,3,1
389,overgrow,1,0
389,shell-armor,3,1
390,blaze,1,0
390,iron-fist,3,1
391,blaze,1,0
391,iron-fist,3,1
392,blaze,1,0
392,iron-fist,3,1
393,torrent,1,0
393,competitive,3,1
394,torrent,1,0
394,competitive,3,1
395,torrent,1,0
395,competitive,3,1
396,keen-eye,1,0
396,reckless,3,1
397,intimidate,1,0
397,reckless,3,1
398,intimidate,1,0
398,reckless,3,1
399,simple,1,0
399,unaware,2,0
399,moody,3,1
400,simple,1,0
400,unaware,2,0
400,moody,3,1
401,shed-skin,1,0
401,run-away,3,1
402,swarm,1,0
402,technician,3,1
403,rivalry,1,0
403,intimidate,2,0
403,guts,3,1
404,rivalry,1,0
404,intimidate,2,0
404,guts,3,1
405,rivalry,1,0
405,intimidate,2,0
405,guts,3,1
406,natural-cure,1,0
406,poison-point,2,0
406,leaf-guard,3,1
407,natural-cure,1,0
407,poison-point,2,0
407,technician,3,1
408,mold-breaker,1,0
408,sheer-force,3,1
409,mold-breaker,1,0
409,sheer-force,3,1
410,sturdy,1,0
410,soundproof,3,1
411,sturdy,1,0
411,soundproof,3,1
412,shed-skin,1,0
412,overcoat,3,1
413,anticipation,1,0
413,overcoat,3,1
414,swarm,1,0
414,tinted-lens,3,1
415,honey-gather,1,0
415,hustle,3,1
416,pressure,1,0
416,unnerve,3,1
417,run-away,1,0
417,pickup,2,0
417,volt-absorb,3,1
418,swift-swim,1,0
418,water-veil,3,1
419,swift-swim,1,0
419,water-veil,3,1
420,chlorophyll,1,0
421,flower-gift,1,0
422,sticky-hold,1,0
422,storm-drain,2,0
422,sand-force,3,1
423,sticky-hold,1,0
423,storm-drain,2,0
423,sand-force,3,1
424,technician,1,0
424,pickup,2,0
424,skill-link,3,1
425,aftermath,1,0
425,unburden,2,0
425,flare-boost,3,1
426,aftermath,1,0
426,unburden,2,0
426,flare-boost,3,1
427,run-away,1,0
427,klutz,2,0
427,limber,3,1
428,cute-charm,1,0
428,klutz,2,0
428,limber,3,1
429,levitate,1,0
430,insomnia,1,0
430,super-luck,2,0
430,moxie,3,1
431,limber,1,0
431,own-tempo,2,0
431,keen-eye,3,1
432,thick-fat,1,0
432,own-tempo,2,0
432,defiant,3,1
433,levitate,1,0
434,stench,1,0
434,aftermath,2,0
434,keen-eye,3,1
435,stench,1,0
435,aftermath,2,0
435,keen-eye,3,1
436,levitate,1,0
436,heatproof,2,0
436,heavy-metal,3,1
437,levitate,1,0
437,heatproof,2,0
437,heavy-metal,3,1
438,sturdy,1,0
438,rock-head,2,0
438,rattled,3,1
439,soundproof,1,0
439,filter,2,0
439,technician,3,1
440,natural-cure,1,0
440,serene-grace,2,0
440,friend-guard,3,1
441,keen-eye,1,0
441,tangled-feet,2,0
441,big-pecks,3,1
442,pressure,1,0
442,infiltrator,3,1
443,sand-veil,1,0
443,rough-skin,3,1
444,sand-veil,1,0
444,rough-skin,3,1
445,sand-veil,1,0
445,rough-skin,3,1
446,pickup,1,0
446,thick-fat,2,0
446,gluttony,3,1
447,steadfast,1,0
447,inner-focus,2,0
447,prankster,3,1
448,steadfast,1,0
448,inner-focus,2,0
448,justified,3,1
449,sand-stream,1,0
449,sand-force,3,1
450,sand-stream,1,0
450,sand-force,3,1
451,battle-armor,1,0
451,sniper,2,0
451,keen-eye,3,1
452,battle-armor,1,0
452,sniper,2,0
452,keen-eye,3,1
453,anticipation,1,0
453,dry-skin,2,0
453,poison-touch,3,1
454,anticipation,1,0
454,dry-skin,2,0
454,poison-touch,3,1
455,levitate,1,0
456,swift-swim,1,0
456,storm-drain,2,0
456,water-veil,3,1
457,swift-swim,1,0
457,storm-drain,2,0
457,water-veil,3,1
458,swift-swim,1,0
458,water-absorb,2,0
458,water-veil,3,1
459,snow-warning,1,0
459,soundproof,3,1
460,snow-warning,1,0
460,soundproof,3,1
461,pressure,1,0
461,pickpocket,3,1
462,magnet-pull,1,0
462,sturdy,2,0
462,analytic,3,1
463,own-tempo,1,0
463,oblivious,2,0
463,cloud-nine,3,1
464,lightning-rod,1,0
464,solid-rock,2,0
464,reckless,3,1
465,chlorophyll,1,0
465,leaf-guard,2,0
465,regenerator,3,1
466,motor-drive,1,0
466,vital-spirit,3,1
467,flame-body,1,0
467,vital-spirit,3,1
468,hustle,1,0
468,serene-grace,2,0
468,super-luck,3,1
469,speed-boost,1,0
469,tinted-lens,2,0
469,frisk,3,1
470,leaf-guard,1,0
470,chlorophyll,3,1
471,snow-cloak,1,0
471,ice-body,3,1
472,hyper-cutter,1,0
472,sand-veil,2,0
472,poison-heal,3,1
473,oblivious,1,0
473,snow-cloak,2,0
473,thick-fat,3,1
474,adaptability,1,0
474,download,2,0
474,analytic,3,1
475,steadfast,1,0
475,sharpness,2,0
475,justified,3,1
476,sturdy,1,0
476,magnet-pull,2,0
476,sand-force,3,1
477,pressure,1,0
477,frisk,3,1
478,snow-cloak,1,0
478,cursed-body,3,1
479,levitate,1,0
480,levitate,1,0
481,levitate,1,0
482,levitate,1,0
483,pressure,1,0
483,telepathy,3,1
484,pressure,1,0
484,telepathy,3,1
485,flash-fire,1,0
485,flame-body,3,1
486,slow-start,1,0
487,pressure,1,0
487,telepathy,3,1
488,levitate,1,0
489,hydration,1,0
490,hydration,1,0
491,bad-dreams,1,0
492,natural-cure,1,0
493,multitype,1,0
494,victory-star,1,0
495,overgrow,1,0
495,contrary,3,1
496,overgrow,1,0
496,contrary,3,1
497,overgrow,1,0
497,contrary,3,1
498,blaze,1,0
498,thick-fat,3,1
499,blaze,1,0
499,thick-fat,3,1
500,blaze,1,0
500,reckless,3,1
501,torrent,1,0
501,shell-armor,3,1
502,torrent,1,0
502,shell-armor,3,1
503,torrent,1,0
503,shell-armor,3,1
504,run-away,1,0
504,keen-eye,2,0
504,analytic,3,1
505,illuminate,1,0
505,keen-eye,2,0
505,analytic,3,1
506,vital-spirit,1,0
506,pickup,2,0
506,run-away,3,1
507,intimidate,1,0
507,sand-rush,2,0
507,scrappy,3,1
508,intimidate,1,0
508,sand-rush,2,0
508,scrappy,3,1
509,limber,1,0
509,unburden,2,0
509,prankster,3,1
510,limber,1,0
510,unburden,2,0
510,prankster,3,1
511,gluttony,1,0
511,overgrow,3,1
512,gluttony,1,0
512,overgrow,3,1
513,gluttony,1,0
513,blaze,3,1
514,gluttony,1,0
514,blaze,3,1
515,gluttony,1,0
515,torrent,3,1
516,gluttony,1,0
516,torrent,3,1
517,forewarn,1,0
517,synchronize,2,0
517,telepathy,3,1
518,forewarn,1,0
518,synchronize,2,0
518,telepathy,3,1
519,big-pecks,1,0
519,super-luck,2,0
519,rivalry,3,1
520,big-pecks,1,0
520,super-luck,2,0
520,rivalry,3,1
521,big-pecks,1,0
521,super-luck,2,0
521,rivalry,3,1
522,lightning-rod,1,0
522,motor-drive,2,0
522,sap-sipper,3,1
523,lightning-rod,1,0
523,motor-drive,2,0
523,sap-sipper,3,1
524,sturdy,1,0
524,weak-armor,2,0
524,sand-force,3,1
525,sturdy,1,0
525,weak-armor,2,0
525,sand-force,3,1
526,sturdy,1,0
526,sand-stream,2,0
526,sand-force,3,1
527,unaware,1,0
527,klutz,2,0
527,simple,3,1
528,unaware,1,0
528,klutz,2,0
528,simple,3,1
529,sand-rush,1,0
529,sand-force,2,0
529,mold-breaker,3,1
530,sand-rush,1,0
530,sand-force,2,0
530,mold-breaker,3,1
531,healer,1,0
531,regenerator,2,0
531,klutz,3,1
532,guts,1,0
532,sheer-force,2,0
532,iron-fist,3,1
533,guts,1,0
533,sheer-force,2,0
533,iron-fist,3,1
534,guts,1,0
534,sheer-force,2,0
534,iron-fist,3,1
535,swift-swim,1,0
535,hydration,2,0
535,water-absorb,3,1
536,swift-swim,1,0
536,hydration,2,0
536,water-absorb,3,1
537,swift-swim,1,0
537,poison-touch,2,0
537,water-absorb,3,1
538,guts,1,0
538,inner-focus,2,0
538,mold-breaker,3,1
539,sturdy,1,0
539,inner-focus,2,0
539,mold-breaker,3,1
540,swarm,1,0
540,chlorophyll,2,0
540,overcoat,3,1
541,leaf-guard,1,0
541,chlorophyll,2,0
541,overcoat,3,1
542,swarm,1,0
542,chlorophyll,2,0
542,overcoat,3,1
543,poison-point,1,0
543,swarm,2,0
543,speed-boost,3,1
544,poison-point,1,0
544,swarm,2,0
544,speed-boost,3,1
545,poison-point,1,0
545,swarm,2,0
545,speed-boost,3,1
546,prankster,1,0
546,infiltrator,2,0
546,chlorophyll,3,1
547,prankster,1,0
547,infiltrator,2,0
547,chlorophyll,3,1
548,chlorophyll,1,0
548,own-tempo,2,0
548,leaf-guard,3,1
549,chlorophyll,1,0
549,own-tempo,2,0
549,leaf-guard,3,1
550,reckless,1,0
550,adaptability,2,0
550,mold-breaker,3,1
551,intimidate,1,0
551,moxie,2,0
551,anger-point,3,1
552,intimidate,1,0
552,moxie,2,0
552,anger-point,3,1
553,intimidate,1,0
553,moxie,2,0
553,anger-point,3,1
554,hustle,1,0
554,inner-focus,3,1
555,sheer-force,1,0
555,zen-mode,3,1
556,water-absorb,1,0
556,chlorophyll,2,0
556,storm-drain,3,1
557,sturdy,1,0
557,shell-armor,2,0
557,weak-armor,3,1
558,sturdy,1,0
558,shell-armor,2,0
558,weak-armor,3,1
559,shed-skin,1,0
559,moxie,2,0
559,intimidate,3,1
560,shed-skin,1,0
560,moxie,2,0
560,intimidate,3,1
561,wonder-skin,1,0
561,magic-guard,2,0
561,tinted-lens,3,1
562,mummy,1,0
563,mummy,1,0
564,solid-rock,1,0
564,sturdy,2,0
564,swift-swim,3,1
565,solid-rock,1,0
565,sturdy,2,0
565,swift-swim,3,1
566,defeatist,1,0
567,defeatist,1,0
568,stench,1,0
568,sticky-hold,2,0
568,aftermath,3,1
569,stench,1,0
569,weak-armor,2,0
569,aftermath,3,1
570,illusion,1,0
571,illusion,1,0
572,cute-charm,1,0
572,technician,2,0
572,skill-link,3,1
573,cute-charm,1,0
573,technician,2,0
573,skill-link,3,1
574,frisk,1,0
574,competitive,2,0
574,shadow-tag,3,1
575,frisk,1,0
575,competitive,2,0
575,shadow-tag,3,1
576,frisk,1,0
576,competitive,2,0
576,shadow-tag,3,1
577,overcoat,1,0
577,magic-guard,2,0
577,regenerator,3,1
578,overcoat,1,0
578,magic-guard,2,0
578,regenerator,3,1
579,overcoat,1,0
579,magic-guard,2,0
579,regenerator,3,1
580,keen-eye,1,0
580,big-pecks,2,0
580,hydration,3,1
581,keen-eye,1,0
581,big-pecks,2,0
581,hydration,3,1
582,ice-body,1,0
582,snow-cloak,2,0
582,weak-armor,3,1
583,ice-body,1,0
583,snow-cloak,2,0
583,weak-armor,3,1
584,ice-body,1,0
584,snow-warning,2,0
584,weak-armor,3,1
585,chlorophyll,1,0
585,sap-sipper,2,0
585,serene-grace,3,1
586,chlorophyll,1,0
586,sap-sipper,2,0
586,serene-grace,3,1
587,static,1,0
587,motor-drive,3,1
588,swarm,1,0
588,shed-skin,2,0
588,no-guard,3,1
589,swarm,1,0
589,shell-armor,2,0
589,overcoat,3,1
590,effect-spore,1,0
590,regenerator,3,1
591,effect-spore,1,0
591,regenerator,3,1
592,water-absorb,1,0
592,cursed-body,2,0
592,damp,3,1
593,water-absorb,1,0
593,cursed-body,2,0
593,damp,3,1
594,healer,1,0
594,hydration,2,0
594,regenerator,3,1
595,compound-eyes,1,0
595,unnerve,2,0
595,swarm,3,1
596,compound-eyes,1,0
596,unnerve,2,0
596,swarm,3,1
597,iron-barbs,1,0
598,iron-barbs,1,0
598,anticipation,3,1
599,plus,1,0
599,minus,2,0
599,clear-body,3,1
600,plus,1,0
600,minus,2,0
600,clear-body,3,1
601,plus,1,0
601,minus,2,0
601,clear-body,3,1
602,levitate,1,0
603,levitate,1,0
604,levitate,1,0
605,telepathy,1,0
605,synchronize,2,0
605,analytic,3,1
606,telepathy,1,0
606,synchronize,2,0
606,analytic,3,1
607,flash-fire,1,0
607,flame-body,2,0
607,infiltrator,3,1
608,flash-fire,1,0
608,flame-body,2,0
608,infiltrator,3,1
609,flash-fire,1,0
609,flame-body,2,0
609,infiltrator,3,1
610,rivalry,1,0
610,mold-breaker,2,0
610,unnerve,3,1
611,rivalry,1,0
611,mold-breaker,2,0
611,unnerve,3,1
612,rivalry,1,0
612,mold-breaker,2,0
612,unnerve,3,1
613,snow-cloak,1,0
613,slush-rush,2,0
613,rattled,3,1
614,snow-cloak,1,0
614,slush-rush,2,0
614,swift-swim,3,1
615,levitate,1,0
616,hydration,1,0
616,shell-armor,2,0
616,overcoat,3,1
617,hydration,1,0
617,sticky-hold,2,0
617,unburden,3,1
618,static,1,0
618,limber,2,0
618,sand-veil,3,1
619,inner-focus,1,0
619,regenerator,2,0
619,reckless,3,1
620,inner-focus,1,0
620,regenerator,2,0
620,reckless,3,1
621,rough-skin,1,0
621,sheer-force,2,0
621,mold-breaker,3,1
622,iron-fist,1,0
622,klutz,2,0
622,no-guard,3,1
623,iron-fist,1,0
623,klutz,2,0
623,no-guard,3,1
624,defiant,1,0
624,inner-focus,2,0
624,pressure,3,1
625,defiant,1,0
625,inner-focus,2,0
625,pressure,3,1
626,reckless,1,0
626,sap-sipper,2,0
626,soundproof,3,1
627,keen-eye,1,0
627,sheer-force,2,0
627,hustle,3,1
628,keen-eye,1,0
628,sheer-force,2,0
628,defiant,3,1
629,big-pecks,1,0
629,overcoat,2,0
629,weak-armor,3,1
630,big-pecks,1,0
630,overcoat,2,0
630,weak-armor,3,1
631,gluttony,1,0
631,flash-fire,2,0
631,white-smoke,3,1
632,swarm,1,0
632,hustle,2,0
632,truant,3,1
633,hustle,1,0
634,hustle,1,0
635,levitate,1,0
636,flame-body,1,0
636,swarm,3,1
637,flame-body,1,0
637,swarm,3,1
638,justified,1,0
639,justified,1,0
640,justified,1,0
641,prankster,1,0
641,defiant,3,1
642,prankster,1,0
642,defiant,3,1
643,turboblaze,1,0
644,teravolt,1,0
645,sand-force,1,0
645,sheer-force,3,1
646,pressure,1,0
647,justified,1,0
648,serene-grace,1,0
649,download,1,0
650,overgrow,1,0
650,bulletproof,3,1
651,overgrow,1,0
651,bulletproof,3,1
652,overgrow,1,0
652,bulletproof,3,1
653,blaze,1,0
653,magician,3,1
654,blaze,1,0
654,magician,3,1
655,blaze,1,0
655,magician,3,1
656,torrent,1,0
656,protean,3,1
657,torrent,1,0
657,protean,3,1
658,torrent,1,0
658,protean,3,1
659,pickup,1,0
659,cheek-pouch,2,0
659,huge-power,3,1
660,pickup,1,0
660,cheek-pouch,2,0
660,huge-power,3,1
661,big-pecks,1,0
661,gale-wings,3,1
662,flame-body,1,0
662,gale-wings,3,1
663,flame-body,1,0
663,gale-wings,3,1
664,shield-dust,1,0
664,compound-eyes,2,0
664,friend-guard,3,1
665,shed-skin,1,0
665,friend-guard,3,1
666,shield-dust,1,0
666,compound-eyes,2,0
666,friend-guard,3,1
667,rivalry,1,0
667,unnerve,2,0
667,moxie,3,1
668,rivalry,1,0
668,unnerve,2,0
668,moxie,3,1
669,flower-veil,1,0
669,symbiosis,3,1
670,flower-veil,1,0
670,symbiosis,3,1
671,flower-veil,1,0
671,symbiosis,3,1
672,sap-sipper,1,0
672,grass-pelt,3,1
673,sap-sipper,1,0
673,grass-pelt,3,1
674,iron-fist,1,0
674,mold-breaker,2,0
674,scrappy,3,1
675,iron-fist,1,0
675,mold-breaker,2,0
675,scrappy,3,1
676,fur-coat,1,0
677,keen-eye,1,0
677,infiltrator,2,0
677,own-tempo,3,1
678,keen-eye,1,0
678,infiltrator,2,0
678,prankster,3,1
679,no-guard,1,0
680,no-guard,1,0
681,stance-change,1,0
682,healer,1,0
682,aroma-veil,3,1
683,healer,1,0
683,aroma-veil,3,1
684,sweet-veil,1,0
684,unburden,3,1
685,sweet-veil,1,0
685,unburden,3,1
686,contrary,1,0
686,suction-cups,2,0
686,infiltrator,3,1
687,contrary,1,0
687,suction-cups,2,0
687,infiltrator,3,1
688,tough-claws,1,0
688,sniper,2,0
688,pickpocket,3,1
689,tough-claws,1,0
689,sniper,2,0
689,pickpocket,3,1
690,poison-point,1,0
690,poison-touch,2,0
690,adaptability,3,1
691,poison-point,1,0
691,poison-touch,2,0
691,adaptability,3,1
692,mega-launcher,1,0
693,mega-launcher,1,0
694,dry-skin,1,0
694,sand-veil,2,0
694,solar-power,3,1
695,dry-skin,1,0
695,sand-veil,2,0
695,solar-power,3,1
696,strong-jaw,1,0
696,sturdy,3,1
697,strong-jaw,1,0
697,rock-head,3,1
698,refrigerate,1,0
698,snow-warning,3,1
699,refrigerate,1,0
699,snow-warning,3,1
700,cute-charm,1,0
700,pixilate,3,1
701,limber,1,0
701,unburden,2,0
701,mold-breaker,3,1
702,cheek-pouch,1,0
702,pickup,2,0
702,plus,3,1
703,clear-body,1,0
703,sturdy,3,1
704,sap-sipper,1,0
704,hydration,2,0
704,gooey,3,1
705,sap-sipper,1,0
705,hydration,2,0
705,gooey,3,1
706,sap-sipper,1,0
706,hydration,2,0
706,gooey,3,1
707,prankster,1,0
707,magician,3,1
708,natural-cure,1,0
708,frisk,2,0
708,harvest,3,1
709,natural-cure,1,0
709,frisk,2,0
709,harvest,3,1
710,pickup,1,0
710,frisk,2,0
710,insomnia,3,1
711,pickup,1,0
711,frisk,2,0
711,insomnia,3,1
712,own-tempo,1,0
712,ice-body,2,0
712,sturdy,3,1
713,own-tempo,1,0
713,ice-body,2,0
713,sturdy,3,1
714,frisk,1,0
714,infiltrator,2,0
714,telepathy,3,1
715,frisk,1,0
715,infiltrator,2,0
715,telepathy,3,1
716,fairy-aura,1,0
717,dark-aura,1,0
718,aura-break,1,0
719,clear-body,1,0
720,magician,1,0
721,water-absorb,1,0
722,overgrow,1,0
722,long-reach,3,1
723,overgrow,1,0
723,long-reach,3,1
724,overgrow,1,0
724,long-reach,3,1
725,blaze,1,0
725,intimidate,3,1
726,blaze,1,0
726,intimidate,3,1
727,blaze,1,0
727,intimidate,3,1
728,torrent,1,0
728,liquid-voice,3,1
729,torrent,1,0
729,liquid-voice,3,1
730,torrent,1,0
730,liquid-voice,3,1
731,keen-eye,1,0
731,skill-link,2,0
731,pickup,3,1
732,keen-eye,1,0
732,skill-link,2,0
732,pickup,3,1
733,keen-eye,1,0
733,skill-link,2,0
733,sheer-force,3,1
734,stakeout,1,0
734,strong-jaw,2,0
734,adaptability,3,1
735,stakeout,1,0
735,strong-jaw,2,0
735,adaptability,3,1
736,swarm,1,0
737,battery,1,0
738,levitate,1,0
739,hyper-cutter,1,0
739,iron-fist,2,0
739,anger-point,3,1
740,hyper-cutter,1,0
740,iron-fist,2,0
740,anger-point,3,1
741,dancer,1,0
742,honey-gather,1,0
742,shield-dust,2,0
742,sweet-veil,3,1
743,honey-gather,1,0
743,shield-dust,2,0
743,sweet-veil,3,1
744,keen-eye,1,0
744,vital-spirit,2,0
744,steadfast,3,1
745,keen-eye,1,0
745,sand-rush,2,0
745,steadfast,3,1
746,schooling,1,0
747,merciless,1,0
747,limber,2,0
747,regenerator,3,1
748,merciless,1,0
748,limber,2,0
748,regenerator,3,1
749,own-tempo,1,0
749,stamina,2,0
749,inner-focus,3,1
750,own-tempo,1,0
750,stamina,2,0
750,inner-focus,3,1
751,water-bubble,1,0
751,water-absorb,3,1
752,water-bubble,1,0
752,water-absorb,3,1
753,leaf-guard,1,0
753,contrary,3,1
754,leaf-guard,1,0
754,contrary,3,1
755,illuminate,1,0
755,effect-spore,2,0
755,rain-dish,3,1
756,illuminate,1,0
756,effect-spore,2,0
756,rain-dish,3,1
757,corrosion,1,0
757,oblivious,3,1
758,corrosion,1,0
758,oblivious,3,1
759,fluffy,1,0
759,klutz,2,0
759,cute-charm,3,1
760,fluffy,1,0
760,klutz,2,0
760,unnerve,3,1
761,leaf-guard,1,0
761,oblivious,2,0
761,sweet-veil,3,1
762,leaf-guard,1,0
762,oblivious,2,0
762,sweet-veil,3,1
763,leaf-guard,1,0
763,queenly-majesty,2,0
763,sweet-veil,3,1
764,flower-veil,1,0
764,triage,2,0
764,natural-cure,3,1
765,inner-focus,1,0
765,telepathy,2,0
765,symbiosis,3,1
766,receiver,1,0
766,defiant,3,1
767,wimp-out,1,0
768,emergency-exit,1,0
769,water-compaction,1,0
769,sand-veil,3,1
770,water-compaction,1,0
770,sand-veil,3,1
771,innards-out,1,0
771,unaware,3,1
772,battle-armor,1,0
773,rks-system,1,0
774,shields-down,1,0
775,comatose,1,0
776,shell-armor,1,0
777,iron-barbs,1,0
777,lightning-rod,2,0
777,sturdy,3,1
778,disguise,1,0
779,dazzling,1,0
779,strong-jaw,2,0
779,wonder-skin,3,1
780,berserk,1,0
780,sap-sipper,2,0
780,cloud-nine,3,1
781,steelworker,1,0
782,bulletproof,1,0
782,soundproof,2,0
782,overcoat,3,1
783,bulletproof,1,0
783,soundproof,2,0
783,overcoat,3,1
784,bulletproof,1,0
784,soundproof,2,0
784,overcoat,3,1
785,electric-surge,1,0
785,telepathy,3,1
786,psychic-surge,1,0
786,telepathy,3,1
787,grassy-surge,1,0
787,telepathy,3,1
788,misty-surge,1,0
788,telepathy,3,1
789,unaware,1,0
790,sturdy,1,0
791,full-metal-body,1,0
792,shadow-shield,1,0
793,beast-boost,1,0
794,beast-boost,1,0
795,beast-boost,1,0
796,beast-boost,1,0
797,beast-boost,1,0
798,beast-boost,1,0
799,beast-boost,1,0
800,prism-armor,1,0
801,soul-heart,1,0
802,technician,1,0
803,beast-boost,1,0
804,beast-boost,1,0
805,beast-boost,1,0
806,beast-boost,1,0
807,volt-absorb,1,0
808,magnet-pull,1,0
809,iron-fist,1,0
810,overgrow,1,0
810,grassy-surge,3,1
811,overgrow,1,0
811,grassy-surge,3,1
812,overgrow,1,0
812,grassy-surge,3,1
813,blaze,1,0
813,libero,3,1
814,blaze,1,0
814,libero,3,1
815,blaze,1,0
815,libero,3,1
816,torrent,1,0
816,sniper,3,1
817,torrent,1,0
817,sniper,3,1
818,torrent,1,0
818,sniper,3,1
819,cheek-pouch,1,0
819,gluttony,3,1
820,cheek-pouch,1,0
820,gluttony,3,1
821,keen-eye,1,0
821,unnerve,2,0
821,big-pecks,3,1
822,keen-eye,1,0
822,unnerve,2,0
822,big-pecks,3,1
823,pressure,1,0
823,unnerve,2,0
823,mirror-armor,3,1
824,swarm,1,0
824,compound-eyes,2,0
824,telepathy,3,1
825,swarm,1,0
825,compound-eyes,2,0
825,telepathy,3,1
826,swarm,1,0
826,frisk,2,0
826,telepathy,3,1
827,run-away,1,0
827,unburden,2,0
827,stakeout,3,1
828,run-away,1,0
828,unburden,2,0
828,stakeout,3,1
829,cotton-down,1,0
829,regenerator,2,0
829,effect-spore,3,1
830,cotton-down,1,0
830,regenerator,2,0
830,effect-spore,3,1
831,fluffy,1,0
831,run-away,2,0
831,bulletproof,3,1
832,fluffy,1,0
832,steadfast,2,0
832,bulletproof,3,1
833,strong-jaw,1,0
833,shell-armor,2,0
833,swift-swim,3,1
834,strong-jaw,1,0
834,shell-armor,2,0
834,swift-swim,3,1
835,ball-fetch,1,0
835,rattled,3,1
836,strong-jaw,1,0
836,competitive,3,1
837,steam-engine,1,0
837,heatproof,2,0
837,flash-fire,3,1
838,steam-engine,1,0
838,flame-body,2,0
838,flash-fire,3,1
839,steam-engine,1,0
839,flame-body,2,0
839,flash-fire,3,1
840,ripen,1,0
840,gluttony,2,0
840,bulletproof,3,1
841,ripen,1,0
841,gluttony,2,0
841,hustle,3,1
842,ripen,1,0
842,gluttony,2,0
842,thick-fat,3,1
843,sand-spit,1,0
843,shed-skin,2,0
843,sand-veil,3,1
844,sand-spit,1,0
844,shed-skin,2,0
844,sand-veil,3,1
845,gulp-missile,1,0
846,swift-swim,1,0
846,propeller-tail,3,1
847,swift-swim,1,0
847,propeller-tail,3,1
848,rattled,1,0
848,static,2,0
848,klutz,3,1
849,punk-rock,1,0
849,plus,2,0
849,technician,3,1
850,flash-fire,1,0
850,white-smoke,2,0
850,flame-body,3,1
851,flash-fire,1,0
851,white-smoke,2,0
851,flame-body,3,1
852,limber,1,0
852,technician,3,1
853,limber,1,0
853,technician,3,1
854,weak-armor,1,0
854,cursed-body,3,1
855,weak-armor,1,0
855,cursed-body,3,1
856,healer,1,0
856,anticipation,2,0
856,magic-bounce,3,1
857,healer,1,0
857,anticipation,2,0
857,magic-bounce,3,1
858,healer,1,0
858,anticipation,2,0
858,magic-bounce,3,1
859,prankster,1,0
859,frisk,2,0
859,pickpocket,3,1
860,prankster,1,0
860,frisk,2,0
860,pickpocket,3,1
861,prankster,1,0
861,frisk,2,0
861,pickpocket,3,1
862,reckless,1,0
862,guts,2,0
862,defiant,3,1
863,battle-armor,1,0
863,tough-claws,2,0
863,steely-spirit,3,1
864,weak-armor,1,0
864,perish-body,3,1
865,steadfast,1,0
865,scrappy,3,1
866,tangled-feet,1,0
866,screen-cleaner,2,0
866,ice-body,3,1
867,wandering-spirit,1,0
868,sweet-veil,1,0
868,aroma-veil,3,1
869,sweet-veil,1,0
869,aroma-veil,3,1
870,battle-armor,1,0
870,defiant,3,1
871,lightning-rod,1,0
871,electric-surge,3,1
872,shield-dust,1,0
872,ice-scales,3,1
873,shield-dust,1,0
873,ice-scales,3,1
874,power-spot,1,0
875,ice-face,1,0
876,inner-focus,1,0
876,synchronize,2,0
876,psychic-surge,3,1
877,hunger-switch,1,0
878,sheer-force,1,0
878,heavy-metal,3,1
879,sheer-force,1,0
879,heavy-metal,3,1
880,volt-absorb,1,0
880,hustle,2,0
880,sand-rush,3,1
881,volt-absorb,1,0
881,static,2,0
881,slush-rush,3,1
882,water-absorb,1,0
882,strong-jaw,2,0
882,sand-rush,3,1
883,water-absorb,1,0
883,ice-body,2,0
883,slush-rush,3,1
884,light-metal,1,0
884,heavy-metal,2,0
884,stalwart,3,1
885,clear-body,1,0
885,infiltrator,2,0
885,cursed-body,3,1
886,clear-body,1,0
886,infiltrator,2,0
886,cursed-body,3,1
887,clear-body,1,0
887,infiltrator,2,0
887,cursed-body,3,1
888,intrepid-sword,1,0
889,dauntless-shield,1,0
890,pressure,1,0
891,inner-focus,1,0
892,unseen-fist,1,0
893,leaf-guard,1,0
894,transistor,1,0
895,dragons-maw,1,0
896,chilling-neigh,1,0
897,grim-neigh,1,0
898,unnerve,1,0
899,intimidate,1,0
899,frisk,2,0
899,sap-sipper,3,1
900,swarm,1,0
900,sheer-force,2,0
900,sharpness,3,1
901,guts,1,0
901,bulletproof,2,0
901,unnerve,3,1
902,swift-swim,1,0
902,adaptability,2,0
902,mold-breaker,3,1
903,pressure,1,0
903,unburden,2,0
903,poison-touch,3,1
904,poison-point,1,0
904,swift-swim,2,0
904,intimidate,3,1
905,cute-charm,1,0
905,contrary,3,1
906,overgrow,1,0
906,protean,3,1
907,overgrow,1,0
907,protean,3,1
908,overgrow,1,0
908,protean,3,1
909,blaze,1,0
909,unaware,3,1
910,blaze,1,0
910,unaware,3,1
911,blaze,1,0
911,unaware,3,1
912,torrent,1,0
912,moxie,3,1
913,torrent,1,0
913,moxie,3,1
914,torrent,1,0
914,moxie,3,1
915,aroma-veil,1,0
915,gluttony,2,0
915,thick-fat,3,1
916,lingering-aroma,1,0
916,gluttony,2,0
916,thick-fat,3,1
917,insomnia,1,0
917,stakeout,3,1
918,insomnia,1,0
918,stakeout,3,1
919,swarm,1,0
919,tinted-lens,3,1
920,swarm,1,0
920,tinted-lens,3,1
921,static,1,0
921,natural-cure,2,0
921,iron-fist,3,1
922,volt-absorb,1,0
922,natural-cure,2,0
922,iron-fist,3,1
923,volt-absorb,1,0
923,natural-cure,2,0
923,iron-fist,3,1
924,run-away,1,0
924,pickup,2,0
924,own-tempo,3,1
925,friend-guard,1,0
925,cheek-pouch,2,0
925,technician,3,1
926,own-tempo,1,0
926,klutz,3,1
927,well-baked-body,1,0
927,aroma-veil,3,1
928,early-bird,1,0
928,harvest,3,1
929,early-bird,1,0
929,harvest,3,1
930,seed-sower,1,0
930,harvest,3,1
931,intimidate,1,0
931,hustle,2,0
931,guts,3,1
932,purifying-salt,1,0
932,sturdy,2,0
932,clear-body,3,1
933,purifying-salt,1,0
933,sturdy,2,0
933,clear-body,3,1
934,purifying-salt,1,0
934,sturdy,2,0
934,clear-body,3,1
935,flash-fire,1,0
935,flame-body,3,1
936,flash-fire,1,0
936,weak-armor,3,1
937,flash-fire,1,0
937,weak-armor,3,1
938,own-tempo,1,0
938,static,2,0
938,damp,3,1
939,electromorphosis,1,0
939,static,2,0
939,damp,3,1
940,wind-power,1,0
940,volt-absorb,2,0
940,competitive,3,1
941,wind-power,1,0
941,volt-absorb,2,0
941,competitive,3,1
942,intimidate,1,0
942,run-away,2,0
942,stakeout,3,1
943,intimidate,1,0
943,guard-dog,2,0
943,stakeout,3,1
944,unburden,1,0
944,pickpocket,2,0
944,prankster,3,1
945,unburden,1,0
945,poison-touch,2,0
945,prankster,3,1
946,wind-rider,1,0
946,infiltrator,3,1
947,wind-rider,1,0
947,infiltrator,3,1
948,mycelium-might,1,0
949,mycelium-might,1,0
950,anger-shell,1,0
950,shell-armor,2,0
950,regenerator,3,1
951,chlorophyll,1,0
951,insomnia,2,0
951,klutz,3,1
952,chlorophyll,1,0
952,insomnia,2,0
952,moody,3,1
953,compound-eyes,1,0
953,shed-skin,3,1
954,synchronize,1,0
954,telepathy,3,1
955,anticipation,1,0
955,frisk,2,0
955,speed-boost,3,1
956,opportunist,1,0
956,frisk,2,0
956,speed-boost,3,1
957,mold-breaker,1,0
957,own-tempo,2,0
957,pickpocket,3,1
958,mold-breaker,1,0
958,own-tempo,2,0
958,pickpocket,3,1
959,mold-breaker,1,0
959,own-tempo,2,0
959,pickpocket,3,1
960,gooey,1,0
960,rattled,2,0
960,sand-veil,3,1
961,gooey,1,0
961,rattled,2,0
961,sand-veil,3,1
962,big-pecks,1,0
962,keen-eye,2,0
962,rocky-payload,3,1
963,water-veil,1,0
964,zero-to-hero,1,0
965,overcoat,1,0
965,slow-start,3,1
966,overcoat,1,0
966,filter,3,1
967,shed-skin,1,0
967,regenerator,3,1
968,earth-eater,1,0
968,sand-veil,3,1
969,toxic-debris,1,0
969,corrosion,3,1
970,toxic-debris,1,0
970,corrosion,3,1
971,pickup,1,0
971,fluffy,3,1
972,sand-rush,1,0
972,fluffy,3,1
973,scrappy,1,0
973,tangled-feet,2,0
973,costar,3,1
974,thick-fat,1,0
974,snow-cloak,2,0
974,sheer-force,3,1
975,thick-fat,1,0
975,slush-rush,2,0
975,sheer-force,3,1
976,mold-breaker,1,0
976,sharpness,3,1
977,unaware,1,0
977,oblivious,2,0
977,water-veil,3,1
978,commander,1,0
978,storm-drain,3,1
979,vital-spirit,1,0
979,inner-focus,2,0
979,defiant,3,1
980,poison-point,1,0
980,water-absorb,2,0
980,unaware,3,1
981,cud-chew,1,0
981,armor-tail,2,0
981,sap-sipper,3,1
982,serene-grace,1,0
982,run-away,2,0
982,rattled,3,1
983,defiant,1,0
983,supreme-overlord,2,0
983,pressure,3,1
984,protosynthesis,1,0
985,protosynthesis,1,0
986,protosynthesis,1,0
987,protosynthesis,1,0
988,protosynthesis,1,0
989,protosynthesis,1,0
990,quark-drive,1,0
991,quark-drive,1,0
992,quark-drive,1,0
993,quark-drive,1,0
994,quark-drive,1,0
995,quark-drive,1,0
996,thermal-exchange,1,0
996,ice-body,3,1
997,thermal-exchange,1,0
997,ice-body,3,1
998,thermal-exchange,1,0
998,ice-body,3,1
999,rattled,1,0
1000,good-as-gold,1,0
1001,tablets-of-ruin,1,0
1002,sword-of-ruin,1,0
1003,vessel-of-ruin,1,0
1004,beads-of-ruin,1,0
1005,protosynthesis,1,0
1006,quark-drive,1,0
1007,orichalcum-pulse,1,0
1008,hadron-engine,1,0
1009,protosynthesis,1,0
1010,quark-drive,1,0
1011,supersweet-syrup,1,0
1011,gluttony,2,0
1011,sticky-hold,3,1
1012,hospitality,1,0
1012,heatproof,3,1
1013,hospitality,1,0
1013,heatproof,3,1
1014,toxic-chain,1,0
1014,guard-dog,3,1
1015,toxic-chain,1,0
1015,frisk,3,1
1016,toxic-chain,1,0
1016,technician,3,1
1017,defiant,1,0
1018,stamina,1,0
1018,sturdy,2,0
1018,stalwart,3,1
1019,supersweet-syrup,1,0
1019,regenerator,2,0
1019,sticky-hold,3,1
1020,protosynthesis,1,0
1021,protosynthesis,1,0
1022,quark-drive,1,0
1023,quark-drive,1,0
1024,tera-shift,1,0
1025,poison-puppeteer,1,0
10001,pressure,1,0
10002,pressure,1,0
10003,pressure,1,0
10004,anticipation,1,0
10004,overcoat,3,1
10005,anticipation,1,0
10005,overcoat,3,1
10006,serene-grace,1,0
10007,levitate,1,0
10008,levitate,1,0
10009,levitate,1,0
10010,levitate,1,0
10011,levitate,1,0
10012,levitate,1,0
10013,forecast,1,0
10014,forecast,1,0
10015,forecast,1,0
10016,rock-head,1,0
10016,adaptability,2,0
10016,mold-breaker,3,1
10017,sheer-force,1,0
10017,zen-mode,3,1
10018,serene-grace,1,0
10019,regenerator,1,0
10020,volt-absorb,1,0
10021,intimidate,1,0
10022,teravolt,1,0
10023,turboblaze,1,0
10024,justified,1,0
10025,keen-eye,1,0
10025,infiltrator,2,0
10025,competitive,3,1
10026,stance-change,1,0
10027,pickup,1,0
10027,frisk,2,0
10027,insomnia,3,1
10028,pickup,1,0
10028,frisk,2,0
10028,insomnia,3,1
10029,pickup,1,0
10029,frisk,2,0
10029,insomnia,3,1
10030,pickup,1,0
10030,frisk,2,0
10030,insomnia,3,1
10031,pickup,1,0
10031,frisk,2,0
10031,insomnia,3,1
10032,pickup,1,0
10032,frisk,2,0
10032,insomnia,3,1
10033,thick-fat,1,0
10034,tough-claws,1,0
10035,drought,1,0
10036,mega-launcher,1,0
10037,trace,1,0
10038,shadow-tag,1,0
10039,parental-bond,1,0
10040,aerilate,1,0
10041,mold-breaker,1,0
10042,tough-claws,1,0
10043,steadfast,1,0
10044,insomnia,1,0
10045,mold-breaker,1,0
10046,technician,1,0
10047,skill-link,1,0
10048,solar-power,1,0
10049,sand-stream,1,0
10050,speed-boost,1,0
10051,pixilate,1,0
10052,huge-power,1,0
10053,filter,1,0
10054,pure-power,1,0
10055,intimidate,1,0
10056,prankster,1,0
10057,magic-bounce,1,0
10058,sand-force,1,0
10059,adaptability,1,0
10060,snow-warning,1,0
10061,flower-veil,1,0
10061,symbiosis,3,1
10062,levitate,1,0
10063,levitate,1,0
10064,swift-swim,1,0
10065,lightning-rod,1,0
10066,magic-bounce,1,0
10067,pixilate,1,0
10068,inner-focus,1,0
10069,healer,1,0
10070,strong-jaw,1,0
10071,shell-armor,1,0
10072,sand-force,1,0
10073,no-guard,1,0
10074,refrigerate,1,0
10075,magic-bounce,1,0
10076,tough-claws,1,0
10077,primordial-sea,1,0
10078,desolate-land,1,0
10079,delta-stream,1,0
10080,static,1,0
10080,lightning-rod,3,1
10081,static,1,0
10081,lightning-rod,3,1
10082,static,1,0
10082,lightning-rod,3,1
10083,static,1,0
10083,lightning-rod,3,1
10084,static,1,0
10084,lightning-rod,3,1
10085,static,1,0
10085,lightning-rod,3,1
10086,magician,1,0
10087,sheer-force,1,0
10088,scrappy,1,0
10089,aerilate,1,0
10090,adaptability,1,0
10091,gluttony,1,0
10091,hustle,2,0
10091,thick-fat,3,1
10092,gluttony,1,0
10092,hustle,2,0
10092,thick-fat,3,1
10093,gluttony,1,0
10093,hustle,2,0
10093,thick-fat,3,1
10094,static,1,0
10094,lightning-rod,3,1
10095,static,1,0
10095,lightning-rod,3,1
10096,static,1,0
10096,lightning-rod,3,1
10097,static,1,0
10097,lightning-rod,3,1
10098,static,1,0
10098,lightning-rod,3,1
10099,static,1,0
10099,lightning-rod,3,1
10100,surge-surfer,1,0
10101,snow-cloak,1,0
10101,slush-rush,3,1
10102,snow-cloak,1,0
10102,slush-rush,3,1
10103,snow-cloak,1,0
10103,snow-warning,3,1
10104,snow-cloak,1,0
10104,snow-warning,3,1
10105,sand-veil,1,0
10105,tangling-hair,2,0
10105,sand-force,3,1
10106,sand-veil,1,0
10106,tangling-hair,2,0
10106,sand-force,3,1
10107,pickup,1,0
10107,technician,2,0
10107,rattled,3,1
10108,fur-coat,1,0
10108,technician,2,0
10108,rattled,3,1
10109,magnet-pull,1,0
10109,sturdy,2,0
10109,galvanize,3,1
10110,magnet-pull,1,0
10110,sturdy,2,0
10110,galvanize,3,1
10111,magnet-pull,1,0
10111,sturdy,2,0
10111,galvanize,3,1
10112,poison-touch,1,0
10112,gluttony,2,0
10112,power-of-alchemy,3,1
10113,poison-touch,1,0
10113,gluttony,2,0
10113,power-of-alchemy,3,1
10114,frisk,1,0
10114,harvest,3,1
10115,cursed-body,1,0
10115,lightning-rod,2,0
10115,rock-head,3,1
10116,battle-bond,1,0
10117,battle-bond,1,0
10118,power-construct,1,0
10119,power-construct,1,0
10120,power-construct,1,0
10121,stakeout,1,0
10121,strong-jaw,2,0
10121,adaptability,3,1
10122,levitate,1,0
10123,dancer,1,0
10124,dancer,1,0
10125,dancer,1,0
10126,keen-eye,1,0
10126,vital-spirit,2,0
10126,no-guard,3,1
10127,schooling,1,0
10128,leaf-guard,1,0
10128,contrary,3,1
10129,corrosion,1,0
10129,oblivious,3,1
10130,shields-down,1,0
10131,shields-down,1,0
10132,shields-down,1,0
10133,shields-down,1,0
10134,shields-down,1,0
10135,shields-down,1,0
10136,shields-down,1,0
10137,shields-down,1,0
10138,shields-down,1,0
10139,shields-down,1,0
10140,shields-down,1,0
10141,shields-down,1,0
10142,shields-down,1,0
10143,disguise,1,0
10144,disguise,1,0
10145,disguise,1,0
10146,bulletproof,1,0
10146,soundproof,2,0
10146,overcoat,3,1
10147,soul-heart,1,0
10148,static,1,0
10148,lightning-rod,3,1
10149,cursed-body,1,0
10149,lightning-rod,2,0
10149,rock-head,3,1
10150,honey-gather,1,0
10150,shield-dust,2,0
10150,sweet-veil,3,1
10151,own-tempo,1,0
10152,tough-claws,1,0
10153,water-bubble,1,0
10153,water-absorb,3,1
10154,iron-barbs,1,0
10154,lightning-rod,2,0
10154,sturdy,3,1
10155,prism-armor,1,0
10156,prism-armor,1,0
10157,neuroforce,1,0
10158,static,1,0
10158,lightning-rod,3,1
10159,run-away,1,0
10159,adaptability,2,0
10159,anticipation,3,1
10160,static,1,0
10160,lightning-rod,3,1
10161,pickup,1,0
10161,tough-claws,2,0
10161,unnerve,3,1
10162,run-away,1,0
10162,pastel-veil,2,0
10162,anticipation,3,1
10163,run-away,1,0
10163,pastel-veil,2,0
10163,anticipation,3,1
10164,gluttony,1,0
10164,own-tempo,2,0
10164,regenerator,3,1
10165,quick-draw,1,0
10165,own-tempo,2,0
10165,regenerator,3,1
10166,steadfast,1,0
10166,scrappy,3,1
10167,levitate,1,0
10167,neutralizing-gas,2,0
10167,misty-surge,3,1
10168,vital-spirit,1,0
10168,screen-cleaner,2,0
10168,ice-body,3,1
10169,competitive,1,0
10170,defiant,1,0
10171,berserk,1,0
10172,curious-medicine,1,0
10172,own-tempo,2,0
10172,regenerator,3,1
10173,weak-armor,1,0
10173,cursed-body,3,1
10174,pickup,1,0
10174,gluttony,2,0
10174,quick-feet,3,1
10175,pickup,1,0
10175,gluttony,2,0
10175,quick-feet,3,1
10176,hustle,1,0
10176,inner-focus,3,1
10177,gorilla-tactics,1,0
10177,zen-mode,3,1
10178,gorilla-tactics,1,0
10178,zen-mode,3,1
10179,wandering-spirit,1,0
10180,mimicry,1,0
10181,aura-break,1,0
10182,gulp-missile,1,0
10183,gulp-missile,1,0
10184,punk-rock,1,0
10184,minus,2,0
10184,technician,3,1
10185,ice-face,1,0
10186,own-tempo,1,0
10186,synchronize,2,0
10186,psychic-surge,3,1
10187,hunger-switch,1,0
10188,intrepid-sword,1,0
10189,dauntless-shield,1,0
10190,pressure,1,0
10191,unseen-fist,1,0
10192,leaf-guard,1,0
10193,as-one-glastrier,1,0
10194,as-one-spectrier,1,0
10195,overgrow,1,0
10195,chlorophyll,3,1
10196,blaze,1,0
10196,solar-power,3,1
10197,torrent,1,0
10197,rain-dish,3,1
10198,compound-eyes,1,0
10198,tinted-lens,3,1
10199,static,1,0
10199,lightning-rod,3,1
10200,pickup,1,0
10200,technician,2,0
10200,unnerve,3,1
10201,guts,1,0
10201,no-guard,2,0
10201,steadfast,3,1
10202,cursed-body,1,0
10203,hyper-cutter,1,0
10203,shell-armor,2,0
10203,sheer-force,3,1
10204,water-absorb,1,0
10204,shell-armor,2,0
10204,hydration,3,1
10205,run-away,1,0
10205,adaptability,2,0
10205,anticipation,3,1
10206,immunity,1,0
10206,thick-fat,2,0
10206,gluttony,3,1
10207,stench,1,0
10207,weak-armor,2,0
10207,aftermath,3,1
10208,iron-fist,1,0
10209,overgrow,1,0
10209,grassy-surge,3,1
10210,blaze,1,0
10210,libero,3,1
10211,torrent,1,0
10211,sniper,3,1
10212,pressure,1,0
10212,unnerve,2,0
10212,mirror-armor,3,1
10213,swarm,1,0
10213,frisk,2,0
10213,telepathy,3,1
10214,strong-jaw,1,0
10214,shell-armor,2,0
10214,swift-swim,3,1
10215,steam-engine,1,0
10215,flame-body,2,0
10215,flash-fire,3,1
10216,ripen,1,0
10216,gluttony,2,0
10216,hustle,3,1
10217,ripen,1,0
10217,gluttony,2,0
10217,thick-fat,3,1
10218,sand-spit,1,0
10218,shed-skin,2,0
10218,sand-veil,3,1
10219,punk-rock,1,0
10219,plus,2,0
10219,technician,3,1
10220,flash-fire,1,0
10220,white-smoke,2,0
10220,flame-body,3,1
10221,healer,1,0
10221,anticipation,2,0
10221,magic-bounce,3,1
10222,prankster,1,0
10222,frisk,2,0
10222,pickpocket,3,1
10223,sweet-veil,1,0
10223,aroma-veil,3,1
10224,sheer-force,1,0
10224,heavy-metal,3,1
10225,light-metal,1,0
10225,heavy-metal,2,0
10225,stalwart,3,1
10226,unseen-fist,1,0
10227,unseen-fist,1,0
10228,punk-rock,1,0
10228,minus,2,0
10228,technician,3,1
10229,intimidate,1,0
10229,flash-fire,2,0
10229,rock-head,3,1
10230,intimidate,1,0
10230,flash-fire,2,0
10230,rock-head,3,1
10231,soundproof,1,0
10231,static,2,0
10231,aftermath,3,1
10232,soundproof,1,0
10232,static,2,0
10232,aftermath,3,1
10233,blaze,1,0
10233,frisk,3,1
10234,poison-point,1,0
10234,swift-swim,2,0
10234,intimidate,3,1
10235,inner-focus,1,0
10235,keen-eye,2,0
10235,pickpocket,3,1
10236,torrent,1,0
10236,sharpness,3,1
10237,chlorophyll,1,0
10237,hustle,2,0
10237,leaf-guard,3,1
10238,illusion,1,0
10239,illusion,1,0
10240,keen-eye,1,0
10240,sheer-force,2,0
10240,tinted-lens,3,1
10241,sap-sipper,1,0
10241,shell-armor,2,0
10241,gooey,3,1
10242,sap-sipper,1,0
10242,shell-armor,2,0
10242,gooey,3,1
10243,strong-jaw,1,0
10243,ice-body,2,0
10243,sturdy,3,1
10244,overgrow,1,0
10244,scrappy,3,1
10245,pressure,1,0
10245,telepathy,3,1
10246,pressure,1,0
10246,telepathy,3,1
10247,rattled,1,0
10247,adaptability,2,0
10247,mold-breaker,3,1
10248,swift-swim,1,0
10248,adaptability,2,0
10248,mold-breaker,3,1
10249,overcoat,1,0
10250,intimidate,1,0
10250,anger-point,2,0
10250,cud-chew,3,1
10251,intimidate,1,0
10251,anger-point,2,0
10251,cud-chew,3,1
10252,intimidate,1,0
10252,anger-point,2,0
10252,cud-chew,3,1
10253,poison-point,1,0
10253,water-absorb,2,0
10253,unaware,3,1
10254,aroma-veil,1,0
10254,gluttony,2,0
10254,thick-fat,3,1
10255,serene-grace,1,0
10255,run-away,2,0
10255,rattled,3,1
10256,zero-to-hero,1,0
10257,friend-guard,1,0
10257,cheek-pouch,2,0
10257,technician,3,1
10258,commander,1,0
10258,storm-drain,3,1
10259,commander,1,0
10259,storm-drain,3,1
10260,intimidate,1,0
10260,hustle,2,0
10260,guts,3,1
10261,intimidate,1,0
10261,hustle,2,0
10261,sheer-force,3,1
10262,intimidate,1,0
10262,hustle,2,0
10262,sheer-force,3,1
10263,run-away,1,0
10264,orichalcum-pulse,1,0
10265,orichalcum-pulse,1,0
10266,orichalcum-pulse,1,0
10267,orichalcum-pulse,1,0
10268,hadron-engine,1,0
10269,hadron-engine,1,0
10270,hadron-engine,1,0
10271,hadron-engine,1,0
10272,minds-eye,1,0
10273,water-absorb,1,0
10274,mold-breaker,1,0
10275,sturdy,1,0
10276,tera-shell,1,0
10277,teraform-zero,1,0
10278,magic-bounce,1,0
10279,innards-out,1,0
10280,huge-power,1,0
10281,multiscale,1,0
10282,mega-sol,1,0
10283,dragonize,1,0
10284,stalwart,1,0
10285,snow-warning,1,0
10286,mold-breaker,1,0
10287,piercing-drill,1,0
10288,shell-armor,1,0
10289,intimidate,1,0
10290,eelevate,1,0
10291,infiltrator,1,0
10292,bulletproof,1,0
10293,levitate,1,0
10294,protean,1,0
10295,fire-mane,1,0
10296,fairy-aura,1,0
10297,contrary,1,0
10298,tough-claws,1,0
10299,regenerator,1,0
10300,no-guard,1,0
10302,berserk,1,0
10303,defiant,1,0
10304,electric-surge,1,0
10305,no-guard,1,0
10306,levitate,1,0
10308,contrary,1,0
10313,unseen-fist,1,0
10314,trace,1,0
10315,iron-fist,1,0
10320,spicy-spray,1,0
10321,adaptability,1,0
