form_id,type_name,slot
1,Grass,1
1,Poison,2
2,Grass,1
2,Poison,2
3,Grass,1
3,Poison,2
4,Fire,1
5,Fire,1
6,Fire,1
6,Flying,2
7,Water,1
8,Water,1
9,Water,1
10,Bug,1
11,Bug,1
12,Bug,1
12,Flying,2
13,Bug,1
13,Poison,2
14,Bug,1
14,Poison,2
15,Bug,1
15,Poison,2
16,Normal,1
16,Flying,2
17,Normal,1
17,Flying,2
18,Normal,1
18,Flying,2
19,Normal,1
20,Normal,1
21,Normal,1
21,Flying,2
22,Normal,1
22,Flying,2
23,Poison,1
24,Poison,1
25,Electric,1
26,Electric,1
27,Ground,1
28,Ground,1
29,Poison,1
30,Poison,1
31,Poison,1
31,Ground,2
32,Poison,1
33,Poison,1
34,Poison,1
34,Ground,2
35,Fairy,1
36,Fairy,1
37,Fire,1
38,Fire,1
39,Normal,1
39,Fairy,2
40,Normal,1
40,Fairy,2
41,Poison,1
41,Flying,2
42,Poison,1
42,Flying,2
43,Grass,1
43,Poison,2
44,Grass,1
44,Poison,2
45,Grass,1
45,Poison,2
46,Bug,1
46,Grass,2
47,Bug,1
47,Grass,2
48,Bug,1
48,Poison,2
49,Bug,1
49,Poison,2
50,Ground,1
51,Ground,1
52,Normal,1
53,Normal,1
54,Water,1
55,Water,1
56,Fighting,1
57,Fighting,1
58,Fire,1
59,Fire,1
60,Water,1
61,Water,1
62,Water,1
62,Fighting,2
63,Psychic,1
64,Psychic,1
65,Psychic,1
66,Fighting,1
67,Fighting,1
68,Fighting,1
69,Grass,1
69,Poison,2
70,Grass,1
70,Poison,2
71,Grass,1
71,Poison,2
72,Water,1
72,Poison,2
73,Water,1
73,Poison,2
74,Rock,1
74,Ground,2
75,Rock,1
75,Ground,2
76,Rock,1
76,Ground,2
77,Fire,1
78,Fire,1
79,Water,1
79,Psychic,2
80,Water,1
80,Psychic,2
81,Electric,1
81,Steel,2
82,Electric,1
82,Steel,2
83,Normal,1
83,Flying,2
84,Normal,1
84,Flying,2
85,Normal,1
85,Flying,2
86,Water,1
87,Water,1
87,Ice,2
88,Poison,1
89,Poison,1
90,Water,1
91,Water,1
91,Ice,2
92,Ghost,1
92,Poison,2
93,Ghost,1
93,Poison,2
94,Ghost,1
94,Poison,2
95,Rock,1
95,Ground,2
96,Psychic,1
97,Psychic,1
98,Water,1
99,Water,1
100,Electric,1
101,Electric,1
102,Grass,1
102,Psychic,2
103,Grass,1
103,Psychic,2
104,Ground,1
105,Ground,1
106,Fighting,1
107,Fighting,1
108,Normal,1
109,Poison,1
110,Poison,1
111,Ground,1
111,Rock,2
112,Ground,1
112,Rock,2
113,Normal,1
114,Grass,1
115,Normal,1
116,Water,1
117,Water,1
118,Water,1
119,Water,1
120,Water,1
121,Water,1
121,Psychic,2
122,Psychic,1
122,Fairy,2
123,Bug,1
123,Flying,2
124,Ice,1
124,Psychic,2
125,Electric,1
126,Fire,1
127,Bug,1
128,Normal,1
129,Water,1
130,Water,1
130,Flying,2
131,Water,1
131,Ice,2
132,Normal,1
133,Normal,1
134,Water,1
135,Electric,1
136,Fire,1
137,Normal,1
138,Rock,1
138,Water,2
139,Rock,1
139,Water,2
140,Rock,1
140,Water,2
141,Rock,1
141,Water,2
142,Rock,1
142,Flying,2
143,Normal,1
144,Ice,1
144,Flying,2
145,Electric,1
145,Flying,2
146,Fire,1
146,Flying,2
147,Dragon,1
148,Dragon,1
149,Dragon,1
149,Flying,2
150,Psychic,1
151,Psychic,1
152,Grass,1
153,Grass,1
154,Grass,1
155,Fire,1
156,Fire,1
157,Fire,1
158,Water,1
159,Water,1
160,Water,1
161,Normal,1
162,Normal,1
163,Normal,1
163,Flying,2
164,Normal,1
164,Flying,2
165,Bug,1
165,Flying,2
166,Bug,1
166,Flying,2
167,Bug,1
167,Poison,2
168,Bug,1
168,Poison,2
169,Poison,1
169,Flying,2
170,Water,1
170,Electric,2
171,Water,1
171,Electric,2
172,Electric,1
173,Fairy,1
174,Normal,1
174,Fairy,2
175,Fairy,1
176,Fairy,1
176,Flying,2
177,Psychic,1
177,Flying,2
178,Psychic,1
178,Flying,2
179,Electric,1
180,Electric,1
181,Electric,1
182,Grass,1
183,Water,1
183,Fairy,2
184,Water,1
184,Fairy,2
185,Rock,1
186,Water,1
187,Grass,1
187,Flying,2
188,Grass,1
188,Flying,2
189,Grass,1
189,Flying,2
190,Normal,1
191,Grass,1
192,Grass,1
193,Bug,1
193,Flying,2
194,Water,1
194,Ground,2
195,Water,1
195,Ground,2
196,Psychic,1
197,Dark,1
198,Dark,1
198,Flying,2
199,Water,1
199,Psychic,2
200,Ghost,1
201,Psychic,1
202,Psychic,1
203,Normal,1
203,Psychic,2
204,Bug,1
205,Bug,1
205,Steel,2
206,Normal,1
207,Ground,1
207,Flying,2
208,Steel,1
208,Ground,2
209,Fairy,1
210,Fairy,1
211,Water,1
211,Poison,2
212,Bug,1
212,Steel,2
213,Bug,1
213,Rock,2
214,Bug,1
214,Fighting,2
215,Dark,1
215,Ice,2
216,Normal,1
217,Normal,1
218,Fire,1
219,Fire,1
219,Rock,2
220,Ice,1
220,Ground,2
221,Ice,1
221,Ground,2
222,Water,1
222,Rock,2
223,Water,1
224,Water,1
225,Ice,1
225,Flying,2
226,Water,1
226,Flying,2
227,Steel,1
227,Flying,2
228,Dark,1
228,Fire,2
229,Dark,1
229,Fire,2
230,Water,1
230,Dragon,2
231,Ground,1
232,Ground,1
233,Normal,1
234,Normal,1
235,Normal,1
236,Fighting,1
237,Fighting,1
238,Ice,1
238,Psychic,2
239,Electric,1
240,Fire,1
241,Normal,1
242,Normal,1
243,Electric,1
244,Fire,1
245,Water,1
246,Rock,1
246,Ground,2
247,Rock,1
247,Ground,2
248,Rock,1
248,Dark,2
249,Psychic,1
249,Flying,2
250,Fire,1
250,Flying,2
251,Psychic,1
251,Grass,2
252,Grass,1
253,Grass,1
254,Grass,1
255,Fire,1
256,Fire,1
256,Fighting,2
257,Fire,1
257,Fighting,2
258,Water,1
259,Water,1
259,Ground,2
260,Water,1
260,Ground,2
261,Dark,1
262,Dark,1
263,Normal,1
264,Normal,1
265,Bug,1
266,Bug,1
267,Bug,1
267,Flying,2
268,Bug,1
269,Bug,1
269,Poison,2
270,Water,1
270,Grass,2
271,Water,1
271,Grass,2
272,Water,1
272,Grass,2
273,Grass,1
274,Grass,1
274,Dark,2
275,Grass,1
275,Dark,2
276,Normal,1
276,Flying,2
277,Normal,1
277,Flying,2
278,Water,1
278,Flying,2
279,Water,1
279,Flying,2
280,Psychic,1
280,Fairy,2
281,Psychic,1
281,Fairy,2
282,Psychic,1
282,Fairy,2
283,Bug,1
283,Water,2
284,Bug,1
284,Flying,2
285,Grass,1
286,Grass,1
286,Fighting,2
287,Normal,1
288,Normal,1
289,Normal,1
290,Bug,1
290,Ground,2
291,Bug,1
291,Flying,2
292,Bug,1
292,Ghost,2
293,Normal,1
294,Normal,1
295,Normal,1
296,Fighting,1
297,Fighting,1
298,Normal,1
298,Fairy,2
299,Rock,1
300,Normal,1
301,Normal,1
302,Dark,1
302,Ghost,2
303,Steel,1
303,Fairy,2
304,Steel,1
304,Rock,2
305,Steel,1
305,Rock,2
306,Steel,1
306,Rock,2
307,Fighting,1
307,Psychic,2
308,Fighting,1
308,Psychic,2
309,Electric,1
310,Electric,1
311,Electric,1
312,Electric,1
313,Bug,1
314,Bug,1
315,Grass,1
315,Poison,2
316,Poison,1
317,Poison,1
318,Water,1
318,Dark,2
319,Water,1
319,Dark,2
320,Water,1
321,Water,1
322,Fire,1
322,Ground,2
323,Fire,1
323,Ground,2
324,Fire,1
325,Psychic,1
326,Psychic,1
327,Normal,1
328,Ground,1
329,Ground,1
329,Dragon,2
330,Ground,1
330,Dragon,2
331,Grass,1
332,Grass,1
332,Dark,2
333,Normal,1
333,Flying,2
334,Dragon,1
334,Flying,2
335,Normal,1
336,Poison,1
337,Rock,1
337,Psychic,2
338,Rock,1
338,Psychic,2
339,Water,1
339,Ground,2
340,Water,1
340,Ground,2
341,Water,1
342,Water,1
342,Dark,2
343,Ground,1
343,Psychic,2
344,Ground,1
344,Psychic,2
345,Rock,1
345,Grass,2
346,Rock,1
346,Grass,2
347,Rock,1
347,Bug,2
348,Rock,1
348,Bug,2
349,Water,1
350,Water,1
351,Normal,1
352,Normal,1
353,Ghost,1
354,Ghost,1
355,Ghost,1
356,Ghost,1
357,Grass,1
357,Flying,2
358,Psychic,1
359,Dark,1
360,Psychic,1
361,Ice,1
362,Ice,1
363,Ice,1
363,Water,2
364,Ice,1
364,Water,2
365,Ice,1
365,Water,2
366,Water,1
367,Water,1
368,Water,1
369,Water,1
369,Rock,2
370,Water,1
371,Dragon,1
372,Dragon,1
373,Dragon,1
373,Flying,2
374,Steel,1
374,Psychic,2
375,Steel,1
375,Psychic,2
376,Steel,1
376,Psychic,2
377,Rock,1
378,Ice,1
379,Steel,1
380,Dragon,1
380,Psychic,2
381,Dragon,1
381,Psychic,2
382,Water,1
383,Ground,1
384,Dragon,1
384,Flying,2
385,Steel,1
385,Psychic,2
386,Psychic,1
387,Grass,1
388,Grass,1
389,Grass,1
389,Ground,2
390,Fire,1
391,Fire,1
391,Fighting,2
392,Fire,1
392,Fighting,2
393,Water,1
394,Water,1
395,Water,1
395,Steel,2
396,Normal,1
396,Flying,2
397,Normal,1
397,Flying,2
398,Normal,1
398,Flying,2
399,Normal,1
400,Normal,1
400,Water,2
401,Bug,1
402,Bug,1
403,Electric,1
404,Electric,1
405,Electric,1
406,Grass,1
406,Poison,2
407,Grass,1
407,Poison,2
408,Rock,1
409,Rock,1
410,Rock,1
410,Steel,2
411,Rock,1
411,Steel,2
412,Bug,1
413,Bug,1
413,Grass,2
414,Bug,1
414,Flying,2
415,Bug,1
415,Flying,2
416,Bug,1
416,Flying,2
417,Electric,1
418,Water,1
419,Water,1
420,Grass,1
421,Grass,1
422,Water,1
423,Water,1
423,Ground,2
424,Normal,1
425,Ghost,1
425,Flying,2
426,Ghost,1
426,Flying,2
427,Normal,1
428,Normal,1
429,Ghost,1
430,Dark,1
430,Flying,2
431,Normal,1
432,Normal,1
433,Psychic,1
434,Poison,1
434,Dark,2
435,Poison,1
435,Dark,2
436,Steel,1
436,Psychic,2
437,Steel,1
437,Psychic,2
438,Rock,1
439,Psychic,1
439,Fairy,2
440,Normal,1
441,Normal,1
441,Flying,2
442,Ghost,1
442,Dark,2
443,Dragon,1
443,Ground,2
444,Dragon,1
444,Ground,2
445,Dragon,1
445,Ground,2
446,Normal,1
447,Fighting,1
448,Fighting,1
448,Steel,2
449,Ground,1
450,Ground,1
451,Poison,1
451,Bug,2
452,Poison,1
452,Dark,2
453,Poison,1
453,Fighting,2
454,Poison,1
454,Fighting,2
455,Grass,1
456,Water,1
457,Water,1
458,Water,1
458,Flying,2
459,Grass,1
459,Ice,2
460,Grass,1
460,Ice,2
461,Dark,1
461,Ice,2
462,Electric,1
462,Steel,2
463,Normal,1
464,Ground,1
464,Rock,2
465,Grass,1
466,Electric,1
467,Fire,1
468,Fairy,1
468,Flying,2
469,Bug,1
469,Flying,2
470,Grass,1
471,Ice,1
472,Ground,1
472,Flying,2
473,Ice,1
473,Ground,2
474,Normal,1
475,Psychic,1
475,Fighting,2
476,Rock,1
476,Steel,2
477,Ghost,1
478,Ice,1
478,Ghost,2
479,Electric,1
479,Ghost,2
480,Psychic,1
481,Psychic,1
482,Psychic,1
483,Steel,1
483,Dragon,2
484,Water,1
484,Dragon,2
485,Fire,1
485,Steel,2
486,Normal,1
487,Ghost,1
487,Dragon,2
488,Psychic,1
489,Water,1
490,Water,1
491,Dark,1
492,Grass,1
493,Normal,1
494,Psychic,1
494,Fire,2
495,Grass,1
496,Grass,1
497,Grass,1
498,Fire,1
499,Fire,1
499,Fighting,2
500,Fire,1
500,Fighting,2
501,Water,1
502,Water,1
503,Water,1
504,Normal,1
505,Normal,1
506,Normal,1
507,Normal,1
508,Normal,1
509,Dark,1
510,Dark,1
511,Grass,1
512,Grass,1
513,Fire,1
514,Fire,1
515,Water,1
516,Water,1
517,Psychic,1
518,Psychic,1
519,Normal,1
519,Flying,2
520,Normal,1
520,Flying,2
521,Normal,1
521,Flying,2
522,Electric,1
523,Electric,1
524,Rock,1
525,Rock,1
526,Rock,1
527,Psychic,1
527,Flying,2
528,Psychic,1
528,Flying,2
529,Ground,1
530,Ground,1
530,Steel,2
531,Normal,1
532,Fighting,1
533,Fighting,1
534,Fighting,1
535,Water,1
536,Water,1
536,Ground,2
537,Water,1
537,Ground,2
538,Fighting,1
539,Fighting,1
540,Bug,1
540,Grass,2
541,Bug,1
541,Grass,2
542,Bug,1
542,Grass,2
543,Bug,1
543,Poison,2
544,Bug,1
544,Poison,2
545,Bug,1
545,Poison,2
546,Grass,1
546,Fairy,2
547,Grass,1
547,Fairy,2
548,Grass,1
549,Grass,1
550,Water,1
551,Ground,1
551,Dark,2
552,Ground,1
552,Dark,2
553,Ground,1
553,Dark,2
554,Fire,1
555,Fire,1
556,Grass,1
557,Bug,1
557,Rock,2
558,Bug,1
558,Rock,2
559,Dark,1
559,Fighting,2
560,Dark,1
560,Fighting,2
561,Psychic,1
561,Flying,2
562,Ghost,1
563,Ghost,1
564,Water,1
564,Rock,2
565,Water,1
565,Rock,2
566,Rock,1
566,Flying,2
567,Rock,1
567,Flying,2
568,Poison,1
569,Poison,1
570,Dark,1
571,Dark,1
572,Normal,1
573,Normal,1
574,Psychic,1
575,Psychic,1
576,Psychic,1
577,Psychic,1
578,Psychic,1
579,Psychic,1
580,Water,1
580,Flying,2
581,Water,1
581,Flying,2
582,Ice,1
583,Ice,1
584,Ice,1
585,Normal,1
585,Grass,2
586,Normal,1
586,Grass,2
587,Electric,1
587,Flying,2
588,Bug,1
589,Bug,1
589,Steel,2
590,Grass,1
590,Poison,2
591,Grass,1
591,Poison,2
592,Water,1
592,Ghost,2
593,Water,1
593,Ghost,2
594,Water,1
595,Bug,1
595,Electric,2
596,Bug,1
596,Electric,2
597,Grass,1
597,Steel,2
598,Grass,1
598,Steel,2
599,Steel,1
600,Steel,1
601,Steel,1
602,Electric,1
603,Electric,1
604,Electric,1
605,Psychic,1
606,Psychic,1
607,Ghost,1
607,Fire,2
608,Ghost,1
608,Fire,2
609,Ghost,1
609,Fire,2
610,Dragon,1
611,Dragon,1
612,Dragon,1
613,Ice,1
614,Ice,1
615,Ice,1
616,Bug,1
617,Bug,1
618,Ground,1
618,Electric,2
619,Fighting,1
620,Fighting,1
621,Dragon,1
622,Ground,1
622,Ghost,2
623,Ground,1
623,Ghost,2
624,Dark,1
624,Steel,2
625,Dark,1
625,Steel,2
626,Normal,1
627,Normal,1
627,Flying,2
628,Normal,1
628,Flying,2
629,Dark,1
629,Flying,2
630,Dark,1
630,Flying,2
631,Fire,1
632,Bug,1
632,Steel,2
633,Dark,1
633,Dragon,2
634,Dark,1
634,Dragon,2
635,Dark,1
635,Dragon,2
636,Bug,1
636,Fire,2
637,Bug,1
637,Fire,2
638,Steel,1
638,Fighting,2
639,Rock,1
639,Fighting,2
640,Grass,1
640,Fighting,2
641,Flying,1
642,Electric,1
642,Flying,2
643,Dragon,1
643,Fire,2
644,Dragon,1
644,Electric,2
645,Ground,1
645,Flying,2
646,Dragon,1
646,Ice,2
647,Water,1
647,Fighting,2
648,Normal,1
648,Psychic,2
649,Bug,1
649,Steel,2
650,Grass,1
651,Grass,1
652,Grass,1
652,Fighting,2
653,Fire,1
654,Fire,1
655,Fire,1
655,Psychic,2
656,Water,1
657,Water,1
658,Water,1
658,Dark,2
659,Normal,1
660,Normal,1
660,Ground,2
661,Normal,1
661,Flying,2
662,Fire,1
662,Flying,2
663,Fire,1
663,Flying,2
664,Bug,1
665,Bug,1
666,Bug,1
666,Flying,2
667,Fire,1
667,Normal,2
668,Fire,1
668,Normal,2
669,Fairy,1
670,Fairy,1
671,Fairy,1
672,Grass,1
673,Grass,1
674,Fighting,1
675,Fighting,1
675,Dark,2
676,Normal,1
677,Psychic,1
678,Psychic,1
679,Steel,1
679,Ghost,2
680,Steel,1
680,Ghost,2
681,Steel,1
681,Ghost,2
682,Fairy,1
683,Fairy,1
684,Fairy,1
685,Fairy,1
686,Dark,1
686,Psychic,2
687,Dark,1
687,Psychic,2
688,Rock,1
688,Water,2
689,Rock,1
689,Water,2
690,Poison,1
690,Water,2
691,Poison,1
691,Dragon,2
692,Water,1
693,Water,1
694,Electric,1
694,Normal,2
695,Electric,1
695,Normal,2
696,Rock,1
696,Dragon,2
697,Rock,1
697,Dragon,2
698,Rock,1
698,Ice,2
699,Rock,1
699,Ice,2
700,Fairy,1
701,Fighting,1
701,Flying,2
702,Electric,1
702,Fairy,2
703,Rock,1
703,Fairy,2
704,Dragon,1
705,Dragon,1
706,Dragon,1
707,Steel,1
707,Fairy,2
708,Ghost,1
708,Grass,2
709,Ghost,1
709,Grass,2
710,Ghost,1
710,Grass,2
711,Ghost,1
711,Grass,2
712,Ice,1
713,Ice,1
714,Flying,1
714,Dragon,2
715,Flying,1
715,Dragon,2
716,Fairy,1
717,Dark,1
717,Flying,2
718,Dragon,1
718,Ground,2
719,Rock,1
719,Fairy,2
720,Psychic,1
720,Ghost,2
721,Fire,1
721,Water,2
722,Grass,1
722,Flying,2
723,Grass,1
723,Flying,2
724,Grass,1
724,Ghost,2
725,Fire,1
726,Fire,1
727,Fire,1
727,Dark,2
728,Water,1
729,Water,1
730,Water,1
730,Fairy,2
731,Normal,1
731,Flying,2
732,Normal,1
732,Flying,2
733,Normal,1
733,Flying,2
734,Normal,1
735,Normal,1
736,Bug,1
737,Bug,1
737,Electric,2
738,Bug,1
738,Electric,2
739,Fighting,1
740,Fighting,1
740,Ice,2
741,Fire,1
741,Flying,2
742,Bug,1
742,Fairy,2
743,Bug,1
743,Fairy,2
744,Rock,1
745,Rock,1
746,Water,1
747,Poison,1
747,Water,2
748,Poison,1
748,Water,2
749,Ground,1
750,Ground,1
751,Water,1
751,Bug,2
752,Water,1
752,Bug,2
753,Grass,1
754,Grass,1
755,Grass,1
755,Fairy,2
756,Grass,1
756,Fairy,2
757,Poison,1
757,Fire,2
758,Poison,1
758,Fire,2
759,Normal,1
759,Fighting,2
760,Normal,1
760,Fighting,2
761,Grass,1
762,Grass,1
763,Grass,1
764,Fairy,1
765,Normal,1
765,Psychic,2
766,Fighting,1
767,Bug,1
767,Water,2
768,Bug,1
768,Water,2
769,Ghost,1
769,Ground,2
770,Ghost,1
770,Ground,2
771,Water,1
772,Normal,1
773,Normal,1
774,Rock,1
774,Flying,2
775,Normal,1
776,Fire,1
776,Dragon,2
777,Electric,1
777,Steel,2
778,Ghost,1
778,Fairy,2
779,Water,1
779,Psychic,2
780,Normal,1
780,Dragon,2
781,Ghost,1
781,Grass,2
782,Dragon,1
783,Dragon,1
783,Fighting,2
784,Dragon,1
784,Fighting,2
785,Electric,1
785,Fairy,2
786,Psychic,1
786,Fairy,2
787,Grass,1
787,Fairy,2
788,Water,1
788,Fairy,2
789,Psychic,1
790,Psychic,1
791,Psychic,1
791,Steel,2
792,Psychic,1
792,Ghost,2
793,Rock,1
793,Poison,2
794,Bug,1
794,Fighting,2
795,Bug,1
795,Fighting,2
796,Electric,1
797,Steel,1
797,Flying,2
798,Grass,1
798,Steel,2
799,Dark,1
799,Dragon,2
800,Psychic,1
801,Steel,1
801,Fairy,2
802,Fighting,1
802,Ghost,2
803,Poison,1
804,Poison,1
804,Dragon,2
805,Rock,1
805,Steel,2
806,Fire,1
806,Ghost,2
807,Electric,1
808,Steel,1
809,Steel,1
810,Grass,1
811,Grass,1
812,Grass,1
813,Fire,1
814,Fire,1
815,Fire,1
816,Water,1
817,Water,1
818,Water,1
819,Normal,1
820,Normal,1
821,Flying,1
822,Flying,1
823,Flying,1
823,Steel,2
824,Bug,1
825,Bug,1
825,Psychic,2
826,Bug,1
826,Psychic,2
827,Dark,1
828,Dark,1
829,Grass,1
830,Grass,1
831,Normal,1
832,Normal,1
833,Water,1
834,Water,1
834,Rock,2
835,Electric,1
836,Electric,1
837,Rock,1
838,Rock,1
838,Fire,2
839,Rock,1
839,Fire,2
840,Grass,1
840,Dragon,2
841,Grass,1
841,Dragon,2
842,Grass,1
842,Dragon,2
843,Ground,1
844,Ground,1
845,Flying,1
845,Water,2
846,Water,1
847,Water,1
848,Electric,1
848,Poison,2
849,Electric,1
849,Poison,2
850,Fire,1
850,Bug,2
851,Fire,1
851,Bug,2
852,Fighting,1
853,Fighting,1
854,Ghost,1
855,Ghost,1
856,Psychic,1
857,Psychic,1
858,Psychic,1
858,Fairy,2
859,Dark,1
859,Fairy,2
860,Dark,1
860,Fairy,2
861,Dark,1
861,Fairy,2
862,Dark,1
862,Normal,2
863,Steel,1
864,Ghost,1
865,Fighting,1
866,Ice,1
866,Psychic,2
867,Ground,1
867,Ghost,2
868,Fairy,1
869,Fairy,1
870,Fighting,1
871,Electric,1
872,Ice,1
872,Bug,2
873,Ice,1
873,Bug,2
874,Rock,1
875,Ice,1
876,Psychic,1
876,Normal,2
877,Electric,1
877,Dark,2
878,Steel,1
879,Steel,1
880,Electric,1
880,Dragon,2
881,Electric,1
881,Ice,2
882,Water,1
882,Dragon,2
883,Water,1
883,Ice,2
884,Steel,1
884,Dragon,2
885,Dragon,1
885,Ghost,2
886,Dragon,1
886,Ghost,2
887,Dragon,1
887,Ghost,2
888,Fairy,1
889,Fighting,1
890,Poison,1
890,Dragon,2
891,Fighting,1
892,Fighting,1
892,Dark,2
893,Dark,1
893,Grass,2
894,Electric,1
895,Dragon,1
896,Ice,1
897,Ghost,1
898,Psychic,1
898,Grass,2
899,Normal,1
899,Psychic,2
900,Bug,1
900,Rock,2
901,Ground,1
901,Normal,2
902,Water,1
902,Ghost,2
903,Fighting,1
903,Poison,2
904,Dark,1
904,Poison,2
905,Fairy,1
905,Flying,2
906,Grass,1
907,Grass,1
908,Grass,1
908,Dark,2
909,Fire,1
910,Fire,1
911,Fire,1
911,Ghost,2
912,Water,1
913,Water,1
914,Water,1
914,Fighting,2
915,Normal,1
916,Normal,1
917,Bug,1
918,Bug,1
919,Bug,1
920,Bug,1
920,Dark,2
921,Electric,1
922,Electric,1
922,Fighting,2
923,Electric,1
923,Fighting,2
924,Normal,1
925,Normal,1
926,Fairy,1
927,Fairy,1
928,Grass,1
928,Normal,2
929,Grass,1
929,Normal,2
930,Grass,1
930,Normal,2
931,Normal,1
931,Flying,2
932,Rock,1
933,Rock,1
934,Rock,1
935,Fire,1
936,Fire,1
936,Psychic,2
937,Fire,1
937,Ghost,2
938,Electric,1
939,Electric,1
940,Electric,1
940,Flying,2
941,Electric,1
941,Flying,2
942,Dark,1
943,Dark,1
944,Poison,1
944,Normal,2
945,Poison,1
945,Normal,2
946,Grass,1
946,Ghost,2
947,Grass,1
947,Ghost,2
948,Ground,1
948,Grass,2
949,Ground,1
949,Grass,2
950,Rock,1
951,Grass,1
952,Grass,1
952,Fire,2
953,Bug,1
954,Bug,1
954,Psychic,2
955,Psychic,1
956,Psychic,1
957,Fairy,1
957,Steel,2
958,Fairy,1
958,Steel,2
959,Fairy,1
959,Steel,2
960,Water,1
961,Water,1
962,Flying,1
962,Dark,2
963,Water,1
964,Water,1
965,Steel,1
965,Poison,2
966,Steel,1
966,Poison,2
967,Dragon,1
967,Normal,2
968,Steel,1
969,Rock,1
969,Poison,2
970,Rock,1
970,Poison,2
971,Ghost,1
972,Ghost,1
973,Flying,1
973,Fighting,2
974,Ice,1
975,Ice,1
976,Water,1
976,Psychic,2
977,Water,1
978,Dragon,1
978,Water,2
979,Fighting,1
979,Ghost,2
980,Poison,1
980,Ground,2
981,Normal,1
981,Psychic,2
982,Normal,1
983,Dark,1
983,Steel,2
984,Ground,1
984,Fighting,2
985,Fairy,1
985,Psychic,2
986,Grass,1
986,Dark,2
987,Ghost,1
987,Fairy,2
988,Bug,1
988,Fighting,2
989,Electric,1
989,Ground,2
990,Ground,1
990,Steel,2
991,Ice,1
991,Water,2
992,Fighting,1
992,Electric,2
993,Dark,1
993,Flying,2
994,Fire,1
994,Poison,2
995,Rock,1
995,Electric,2
996,Dragon,1
996,Ice,2
997,Dragon,1
997,Ice,2
998,Dragon,1
998,Ice,2
999,Ghost,1
1000,Steel,1
1000,Ghost,2
1001,Dark,1
1001,Grass,2
1002,Dark,1
1002,Ice,2
1003,Dark,1
1003,Ground,2
1004,Dark,1
1004,Fire,2
1005,Dragon,1
1005,Dark,2
1006,Fairy,1
1006,Fighting,2
1007,Fighting,1
1007,Dragon,2
1008,Electric,1
1008,Dragon,2
1009,Water,1
1009,Dragon,2
1010,Grass,1
1010,Psychic,2
1011,Grass,1
1011,Dragon,2
1012,Grass,1
1012,Ghost,2
1013,Grass,1
1013,Ghost,2
1014,Poison,1
1014,Fighting,2
1015,Poison,1
1015,Psychic,2
1016,Poison,1
1016,Fairy,2
1017,Grass,1
1018,Steel,1
1018,Dragon,2
1019,Grass,1
1019,Dragon,2
1020,Fire,1
1020,Dragon,2
1021,Electric,1
1021,Dragon,2
1022,Rock,1
1022,Psychic,2
1023,Steel,1
1023,Psychic,2
1024,Normal,1
1025,Poison,1
1025,Ghost,2
10001,Psychic,1
10002,Psychic,1
10003,Psychic,1
10004,Bug,1
10004,Ground,2
10005,Bug,1
10005,Steel,2
10006,Grass,1
10006,Flying,2
10007,Ghost,1
10007,Dragon,2
10008,Electric,1
10008,Fire,2
10009,Electric,1
10009,Water,2
10010,Electric,1
10010,Ice,2
10011,Electric,1
10011,Flying,2
10012,Electric,1
10012,Grass,2
10013,Fire,1
10014,Water,1
10015,Ice,1
10016,Water,1
10017,Fire,1
10017,Psychic,2
10018,Normal,1
10018,Fighting,2
10019,Flying,1
10020,Electric,1
10020,Flying,2
10021,Ground,1
10021,Flying,2
10022,Dragon,1
10022,Ice,2
10023,Dragon,1
10023,Ice,2
10024,Water,1
10024,Fighting,2
10025,Psychic,1
10026,Steel,1
10026,Ghost,2
10027,Ghost,1
10027,Grass,2
10028,Ghost,1
10028,Grass,2
10029,Ghost,1
10029,Grass,2
10030,Ghost,1
10030,Grass,2
10031,Ghost,1
10031,Grass,2
10032,Ghost,1
10032,Grass,2
10033,Grass,1
10033,Poison,2
10034,Fire,1
10034,Dragon,2
10035,Fire,1
10035,Flying,2
10036,Water,1
10037,Psychic,1
10038,Ghost,1
10038,Poison,2
10039,Normal,1
10040,Bug,1
10040,Flying,2
10041,Water,1
10041,Dark,2
10042,Rock,1
10042,Flying,2
10043,Psychic,1
10043,Fighting,2
10044,Psychic,1
10045,Electric,1
10045,Dragon,2
10046,Bug,1
10046,Steel,2
10047,Bug,1
10047,Fighting,2
10048,Dark,1
10048,Fire,2
10049,Rock,1
10049,Dark,2
10050,Fire,1
10050,Fighting,2
10051,Psychic,1
10051,Fairy,2
10052,Steel,1
10052,Fairy,2
10053,Steel,1
10054,Fighting,1
10054,Psychic,2
10055,Electric,1
10056,Ghost,1
10057,Dark,1
10058,Dragon,1
10058,Ground,2
10059,Fighting,1
10059,Steel,2
10060,Grass,1
10060,Ice,2
10061,Fairy,1
10062,Dragon,1
10062,Psychic,2
10063,Dragon,1
10063,Psychic,2
10064,Water,1
10064,Ground,2
10065,Grass,1
10065,Dragon,2
10066,Dark,1
10066,Ghost,2
10067,Dragon,1
10067,Fairy,2
10068,Psychic,1
10068,Fighting,2
10069,Normal,1
10069,Fairy,2
10070,Water,1
10070,Dark,2
10071,Water,1
10071,Psychic,2
10072,Steel,1
10072,Ground,2
10073,Normal,1
10073,Flying,2
10074,Ice,1
10075,Rock,1
10075,Fairy,2
10076,Steel,1
10076,Psychic,2
10077,Water,1
10078,Ground,1
10078,Fire,2
10079,Dragon,1
10079,Flying,2
10080,Electric,1
10081,Electric,1
10082,Electric,1
10083,Electric,1
10084,Electric,1
10085,Electric,1
10086,Psychic,1
10086,Dark,2
10087,Fire,1
10087,Ground,2
10088,Normal,1
10088,Fighting,2
10089,Dragon,1
10089,Flying,2
10090,Bug,1
10090,Poison,2
10091,Dark,1
10091,Normal,2
10092,Dark,1
10092,Normal,2
10093,Dark,1
10093,Normal,2
10094,Electric,1
10095,Electric,1
10096,Electric,1
10097,Electric,1
10098,Electric,1
10099,Electric,1
10100,Electric,1
10100,Psychic,2
10101,Ice,1
10101,Steel,2
10102,Ice,1
10102,Steel,2
10103,Ice,1
10104,Ice,1
10104,Fairy,2
10105,Ground,1
10105,Steel,2
10106,Ground,1
10106,Steel,2
10107,Dark,1
10108,Dark,1
10109,Rock,1
10109,Electric,2
10110,Rock,1
10110,Electric,2
10111,Rock,1
10111,Electric,2
10112,Poison,1
10112,Dark,2
10113,Poison,1
10113,Dark,2
10114,Grass,1
10114,Dragon,2
10115,Fire,1
10115,Ghost,2
10116,Water,1
10116,Dark,2
10117,Water,1
10117,Dark,2
10118,Dragon,1
10118,Ground,2
10119,Dragon,1
10119,Ground,2
10120,Dragon,1
10120,Ground,2
10121,Normal,1
10122,Bug,1
10122,Electric,2
10123,Electric,1
10123,Flying,2
10124,Psychic,1
10124,Flying,2
10125,Ghost,1
10125,Flying,2
10126,Rock,1
10127,Water,1
10128,Grass,1
10129,Poison,1
10129,Fire,2
10130,Rock,1
10130,Flying,2
10131,Rock,1
10131,Flying,2
10132,Rock,1
10132,Flying,2
10133,Rock,1
10133,Flying,2
10134,Rock,1
10134,Flying,2
10135,Rock,1
10135,Flying,2
10136,Rock,1
10136,Flying,2
10137,Rock,1
10137,Flying,2
10138,Rock,1
10138,Flying,2
10139,Rock,1
10139,Flying,2
10140,Rock,1
10140,Flying,2
10141,Rock,1
10141,Flying,2
10142,Rock,1
10142,Flying,2
10143,Ghost,1
10143,Fairy,2
10144,Ghost,1
10144,Fairy,2
10145,Ghost,1
10145,Fairy,2
10146,Dragon,1
10146,Fighting,2
10147,Steel,1
10147,Fairy,2
10148,Electric,1
10149,Fire,1
10149,Ghost,2
10150,Bug,1
10150,Fairy,2
10151,Rock,1
10152,Rock,1
10153,Water,1
10153,Bug,2
10154,Electric,1
10154,Steel,2
10155,Psychic,1
10155,Steel,2
10156,Psychic,1
10156,Ghost,2
10157,Psychic,1
10157,Dragon,2
10158,Electric,1
10159,Normal,1
10160,Electric,1
10161,Steel,1
10162,Psychic,1
10163,Psychic,1
10163,Fairy,2
10164,Psychic,1
10165,Poison,1
10165,Psychic,2
10166,Fighting,1
10167,Poison,1
10167,Fairy,2
10168,Ice,1
10168,Psychic,2
10169,Psychic,1
10169,Flying,2
10170,Fighting,1
10170,Flying,2
10171,Dark,1
10171,Flying,2
10172,Poison,1
10172,Psychic,2
10173,Ghost,1
10174,Dark,1
10174,Normal,2
10175,Dark,1
10175,Normal,2
10176,Ice,1
10177,Ice,1
10178,Ice,1
10178,Fire,2
10179,Ground,1
10179,Ghost,2
10180,Ground,1
10180,Steel,2
10181,Dragon,1
10181,Ground,2
10182,Flying,1
10182,Water,2
10183,Flying,1
10183,Water,2
10184,Electric,1
10184,Poison,2
10185,Ice,1
10186,Psychic,1
10186,Normal,2
10187,Electric,1
10187,Dark,2
10188,Fairy,1
10188,Steel,2
10189,Fighting,1
10189,Steel,2
10190,Poison,1
10190,Dragon,2
10191,Fighting,1
10191,Water,2
10192,Dark,1
10192,Grass,2
10193,Psychic,1
10193,Ice,2
10194,Psychic,1
10194,Ghost,2
10195,Grass,1
10195,Poison,2
10196,Fire,1
10196,Flying,2
10197,Water,1
10198,Bug,1
10198,Flying,2
10199,Electric,1
10200,Normal,1
10201,Fighting,1
10202,Ghost,1
10202,Poison,2
10203,Water,1
10204,Water,1
10204,Ice,2
10205,Normal,1
10206,Normal,1
10207,Poison,1
10208,Steel,1
10209,Grass,1
10210,Fire,1
10211,Water,1
10212,Flying,1
10212,Steel,2
10213,Bug,1
10213,Psychic,2
10214,Water,1
10214,Rock,2
10215,Rock,1
10215,Fire,2
10216,Grass,1
10216,Dragon,2
10217,Grass,1
10217,Dragon,2
10218,Ground,1
10219,Electric,1
10219,Poison,2
10220,Fire,1
10220,Bug,2
10221,Psychic,1
10221,Fairy,2
10222,Dark,1
10222,Fairy,2
10223,Fairy,1
10224,Steel,1
10225,Steel,1
10225,Dragon,2
10226,Fighting,1
10226,Dark,2
10227,Fighting,1
10227,Water,2
10228,Electric,1
10228,Poison,2
10229,Fire,1
10229,Rock,2
10230,Fire,1
10230,Rock,2
10231,Electric,1
10231,Grass,2
10232,Electric,1
10232,Grass,2
10233,Fire,1
10233,Ghost,2
10234,Dark,1
10234,Poison,2
10235,Fighting,1
10235,Poison,2
10236,Water,1
10236,Dark,2
10237,Grass,1
10237,Fighting,2
10238,Normal,1
10238,Ghost,2
10239,Normal,1
10239,Ghost,2
10240,Psychic,1
10240,Flying,2
10241,Steel,1
10241,Dragon,2
10242,Steel,1
10242,Dragon,2
10243,Ice,1
10243,Rock,2
10244,Grass,1
10244,Fighting,2
10245,Steel,1
10245,Dragon,2
10246,Water,1
10246,Dragon,2
10247,Water,1
10248,Water,1
10248,Ghost,2
10249,Fairy,1
10249,Flying,2
10250,Fighting,1
10251,Fighting,1
10251,Fire,2
10252,Fighting,1
10252,Water,2
10253,Poison,1
10253,Ground,2
10254,Normal,1
10255,Normal,1
10256,Water,1
10257,Normal,1
10258,Dragon,1
10258,Water,2
10259,Dragon,1
10259,Water,2
10260,Normal,1
10260,Flying,2
10261,Normal,1
10261,Flying,2
10262,Normal,1
10262,Flying,2
10263,Ghost,1
10264,Fighting,1
10264,Dragon,2
10265,Fighting,1
10265,Dragon,2
10266,Fighting,1
10266,Dragon,2
10267,Fighting,1
10267,Dragon,2
10268,Electric,1
10268,Dragon,2
10269,Electric,1
10269,Dragon,2
10270,Electric,1
10270,Dragon,2
10271,Electric,1
10271,Dragon,2
10272,Ground,1
10272,Normal,2
10273,Grass,1
10273,Water,2
10274,Grass,1
10274,Fire,2
10275,Grass,1
10275,Rock,2
10276,Normal,1
10277,Normal,1
10278,Fairy,1
10278,Flying,2
10279,Grass,1
10279,Poison,2
10280,Water,1
10280,Psychic,2
10281,Dragon,1
10281,Flying,2
10282,Grass,1
10282,Fairy,2
10283,Water,1
10283,Dragon,2
10284,Steel,1
10284,Flying,2
10285,Ice,1
10285,Ghost,2
10286,Fire,1
10286,Fighting,2
10287,Ground,1
10287,Steel,2
10288,Bug,1
10288,Poison,2
10289,Dark,1
10289,Fighting,2
10290,Electric,1
10291,Ghost,1
10291,Fire,2
10292,Grass,1
10292,Fighting,2
10293,Fire,1
10293,Psychic,2
10294,Water,1
10294,Dark,2
10295,Fire,1
10295,Normal,2
10296,Fairy,1
10297,Dark,1
10297,Psychic,2
10298,Rock,1
10298,Fighting,2
10299,Poison,1
10299,Dragon,2
10300,Fighting,1
10300,Flying,2
10301,Dragon,1
10301,Ground,2
10302,Normal,1
10302,Dragon,2
10303,Fighting,1
10304,Electric,1
10305,Electric,1
10306,Psychic,1
10306,Steel,2
10307,Dark,1
10307,Ghost,2
10308,Fighting,1
10308,Flying,2
10309,Dragon,1
10310,Fighting,1
10310,Steel,2
10311,Fire,1
10311,Steel,2
10312,Dark,1
10313,Ground,1
10313,Ghost,2
10314,Psychic,1
10315,Fighting,1
10315,Ice,2
10316,Bug,1
10316,Steel,2
10317,Steel,1
10317,Fairy,2
10318,Steel,1
10318,Fairy,2
10319,Electric,1
10320,Grass,1
10320,Fire,2
10321,Rock,1
10321,Poison,2
10322,Dragon,1
10322,Water,2
10323,Dragon,1
10323,Water,2
10324,Dragon,1
10324,Water,2
10325,Dragon,1
10325,Ice,2
